[2026-04-30 19:11:11] Текст ошибки register_shutdown_function(): Argument #1 ($callback) must be a valid callback, class vvt\ErrorHandler does not have a method "fatalErrorHandle" | Файл S:\laragon\www\shop\core\vvt\ErrorHandler.php | Строка 19
=============
[2026-04-30 19:11:26] Текст ошибки register_shutdown_function(): Argument #1 ($callback) must be a valid callback, class vvt\ErrorHandler does not have a method "fatalErrorHandle" | Файл S:\laragon\www\shop\core\vvt\ErrorHandler.php | Строка 19
=============
[2026-04-30 19:11:33] Текст ошибки register_shutdown_function(): Argument #1 ($callback) must be a valid callback, class vvt\ErrorHandler does not have a method "fatalErrorHandle" | Файл S:\laragon\www\shop\core\vvt\ErrorHandler.php | Строка 19
=============
[2026-04-30 19:11:43] Текст ошибки register_shutdown_function(): Argument #1 ($callback) must be a valid callback, class vvt\ErrorHandler does not have a method "fatalErrorHandle" | Файл S:\laragon\www\shop\core\vvt\ErrorHandler.php | Строка 19
=============
[2026-04-30 19:12:48] Текст ошибки Exception! | Файл S:\laragon\www\shop\public\index.php | Строка 12
=============
[2026-04-30 19:12:51] Текст ошибки Exception! | Файл S:\laragon\www\shop\public\index.php | Строка 12
=============
[2026-04-30 19:12:51] Текст ошибки Exception! | Файл S:\laragon\www\shop\public\index.php | Строка 12
=============
[2026-04-30 19:13:27] Текст ошибки register_shutdown_function(): Argument #1 ($callback) must be a valid callback, class vvt\ErrorHandler does not have a method "fatalErrorHandle" | Файл S:\laragon\www\shop\core\vvt\ErrorHandler.php | Строка 19
=============
[2026-04-30 19:24:48] Текст ошибки Exception! | Файл S:\laragon\www\shop\public\index.php | Строка 12
[2026-04-30 19:25:34] Текст ошибки Undefined variable $some | Файл S:\laragon\www\shop\public\index.php | Строка 13
[2026-04-30 19:27:01] Текст ошибки Undefined variable $some | Файл S:\laragon\www\shop\public\index.php | Строка 13
[2026-05-01 19:04:48] Текст ошибки Class "Router" not found | Файл S:\laragon\www\shop\core\vvt\App.php | Строка 20
[2026-05-01 19:04:49] Текст ошибки Uncaught TypeError: vvt\ErrorHandler::displayError(): Argument #1 ($errno) must be of type int, string given, called in S:\laragon\www\shop\core\vvt\ErrorHandler.php on line 24 and defined in S:\laragon\www\shop\core\vvt\ErrorHandler.php:48
Stack trace:
#0 S:\laragon\www\shop\core\vvt\ErrorHandler.php(24): vvt\ErrorHandler->displayError('\xD0\x98\xD1\x81\xD0\xBA\xD0\xBB\xD1\x8E\xD1\x87\xD0\xB5\xD0...', 'Class "Router" ...', 'S:\\laragon\\www\\...', 20, 0)
#1 [internal function]: vvt\ErrorHandler->exceptionHandler(Object(Error))
#2 {main}
  thrown | Файл S:\laragon\www\shop\core\vvt\ErrorHandler.php | Строка 48
[2026-05-01 19:04:49] Текст ошибки Class "Router" not found | Файл S:\laragon\www\shop\core\vvt\App.php | Строка 20
[2026-05-01 19:04:49] Текст ошибки Uncaught TypeError: vvt\ErrorHandler::displayError(): Argument #1 ($errno) must be of type int, string given, called in S:\laragon\www\shop\core\vvt\ErrorHandler.php on line 24 and defined in S:\laragon\www\shop\core\vvt\ErrorHandler.php:48
Stack trace:
#0 S:\laragon\www\shop\core\vvt\ErrorHandler.php(24): vvt\ErrorHandler->displayError('\xD0\x98\xD1\x81\xD0\xBA\xD0\xBB\xD1\x8E\xD1\x87\xD0\xB5\xD0...', 'Class "Router" ...', 'S:\\laragon\\www\\...', 20, 0)
#1 [internal function]: vvt\ErrorHandler->exceptionHandler(Object(Error))
#2 {main}
  thrown | Файл S:\laragon\www\shop\core\vvt\ErrorHandler.php | Строка 48
[2026-05-01 19:05:44] Текст ошибки Class "Router" not found | Файл S:\laragon\www\shop\core\vvt\App.php | Строка 20
[2026-05-01 19:05:44] Текст ошибки Uncaught TypeError: vvt\ErrorHandler::displayError(): Argument #1 ($errno) must be of type int, string given, called in S:\laragon\www\shop\core\vvt\ErrorHandler.php on line 24 and defined in S:\laragon\www\shop\core\vvt\ErrorHandler.php:48
Stack trace:
#0 S:\laragon\www\shop\core\vvt\ErrorHandler.php(24): vvt\ErrorHandler->displayError('\xD0\x98\xD1\x81\xD0\xBA\xD0\xBB\xD1\x8E\xD1\x87\xD0\xB5\xD0...', 'Class "Router" ...', 'S:\\laragon\\www\\...', 20, 0)
#1 [internal function]: vvt\ErrorHandler->exceptionHandler(Object(Error))
#2 {main}
  thrown | Файл S:\laragon\www\shop\core\vvt\ErrorHandler.php | Строка 48
[2026-05-01 19:05:44] Текст ошибки Class "Router" not found | Файл S:\laragon\www\shop\core\vvt\App.php | Строка 20
[2026-05-01 19:05:44] Текст ошибки Uncaught TypeError: vvt\ErrorHandler::displayError(): Argument #1 ($errno) must be of type int, string given, called in S:\laragon\www\shop\core\vvt\ErrorHandler.php on line 24 and defined in S:\laragon\www\shop\core\vvt\ErrorHandler.php:48
Stack trace:
#0 S:\laragon\www\shop\core\vvt\ErrorHandler.php(24): vvt\ErrorHandler->displayError('\xD0\x98\xD1\x81\xD0\xBA\xD0\xBB\xD1\x8E\xD1\x87\xD0\xB5\xD0...', 'Class "Router" ...', 'S:\\laragon\\www\\...', 20, 0)
#1 [internal function]: vvt\ErrorHandler->exceptionHandler(Object(Error))
#2 {main}
  thrown | Файл S:\laragon\www\shop\core\vvt\ErrorHandler.php | Строка 48
[2026-05-01 19:05:45] Текст ошибки Class "Router" not found | Файл S:\laragon\www\shop\core\vvt\App.php | Строка 20
[2026-05-01 19:05:45] Текст ошибки Uncaught TypeError: vvt\ErrorHandler::displayError(): Argument #1 ($errno) must be of type int, string given, called in S:\laragon\www\shop\core\vvt\ErrorHandler.php on line 24 and defined in S:\laragon\www\shop\core\vvt\ErrorHandler.php:48
Stack trace:
#0 S:\laragon\www\shop\core\vvt\ErrorHandler.php(24): vvt\ErrorHandler->displayError('\xD0\x98\xD1\x81\xD0\xBA\xD0\xBB\xD1\x8E\xD1\x87\xD0\xB5\xD0...', 'Class "Router" ...', 'S:\\laragon\\www\\...', 20, 0)
#1 [internal function]: vvt\ErrorHandler->exceptionHandler(Object(Error))
#2 {main}
  thrown | Файл S:\laragon\www\shop\core\vvt\ErrorHandler.php | Строка 48
[2026-05-01 19:05:45] Текст ошибки Class "Router" not found | Файл S:\laragon\www\shop\core\vvt\App.php | Строка 20
[2026-05-01 19:05:45] Текст ошибки Uncaught TypeError: vvt\ErrorHandler::displayError(): Argument #1 ($errno) must be of type int, string given, called in S:\laragon\www\shop\core\vvt\ErrorHandler.php on line 24 and defined in S:\laragon\www\shop\core\vvt\ErrorHandler.php:48
Stack trace:
#0 S:\laragon\www\shop\core\vvt\ErrorHandler.php(24): vvt\ErrorHandler->displayError('\xD0\x98\xD1\x81\xD0\xBA\xD0\xBB\xD1\x8E\xD1\x87\xD0\xB5\xD0...', 'Class "Router" ...', 'S:\\laragon\\www\\...', 20, 0)
#1 [internal function]: vvt\ErrorHandler->exceptionHandler(Object(Error))
#2 {main}
  thrown | Файл S:\laragon\www\shop\core\vvt\ErrorHandler.php | Строка 48
[2026-05-01 19:07:02] Текст ошибки Class "Router" not found | Файл S:\laragon\www\shop\core\vvt\App.php | Строка 20
[2026-05-01 19:07:02] Текст ошибки Uncaught TypeError: vvt\ErrorHandler::displayError(): Argument #1 ($errno) must be of type int, string given, called in S:\laragon\www\shop\core\vvt\ErrorHandler.php on line 24 and defined in S:\laragon\www\shop\core\vvt\ErrorHandler.php:48
Stack trace:
#0 S:\laragon\www\shop\core\vvt\ErrorHandler.php(24): vvt\ErrorHandler->displayError('\xD0\x98\xD1\x81\xD0\xBA\xD0\xBB\xD1\x8E\xD1\x87\xD0\xB5\xD0...', 'Class "Router" ...', 'S:\\laragon\\www\\...', 20, 0)
#1 [internal function]: vvt\ErrorHandler->exceptionHandler(Object(Error))
#2 {main}
  thrown | Файл S:\laragon\www\shop\core\vvt\ErrorHandler.php | Строка 48
[2026-05-01 19:07:02] Текст ошибки Class "Router" not found | Файл S:\laragon\www\shop\core\vvt\App.php | Строка 20
[2026-05-01 19:07:02] Текст ошибки Uncaught TypeError: vvt\ErrorHandler::displayError(): Argument #1 ($errno) must be of type int, string given, called in S:\laragon\www\shop\core\vvt\ErrorHandler.php on line 24 and defined in S:\laragon\www\shop\core\vvt\ErrorHandler.php:48
Stack trace:
#0 S:\laragon\www\shop\core\vvt\ErrorHandler.php(24): vvt\ErrorHandler->displayError('\xD0\x98\xD1\x81\xD0\xBA\xD0\xBB\xD1\x8E\xD1\x87\xD0\xB5\xD0...', 'Class "Router" ...', 'S:\\laragon\\www\\...', 20, 0)
#1 [internal function]: vvt\ErrorHandler->exceptionHandler(Object(Error))
#2 {main}
  thrown | Файл S:\laragon\www\shop\core\vvt\ErrorHandler.php | Строка 48
[2026-05-01 19:07:57] Текст ошибки Class "Router" not found | Файл S:\laragon\www\shop\core\vvt\App.php | Строка 20
[2026-05-01 19:07:57] Текст ошибки Class "Router" not found | Файл S:\laragon\www\shop\core\vvt\App.php | Строка 20
[2026-05-01 19:08:57] Текст ошибки Class "Router" not found | Файл S:\laragon\www\shop\core\vvt\App.php | Строка 20
[2026-05-01 19:12:27] Текст ошибки Class "vvt\vvt\Router" not found | Файл S:\laragon\www\shop\core\vvt\App.php | Строка 20
[2026-05-01 19:12:42] Текст ошибки Class "Router" not found | Файл S:\laragon\www\shop\core\vvt\App.php | Строка 20
[2026-05-02 11:41:16] Текст ошибки preg_match(): Unknown modifier '?' | Файл S:\laragon\www\shop\core\vvt\Router.php | Строка 33
[2026-05-02 11:44:04] Текст ошибки preg_match(): Unknown modifier '?' | Файл S:\laragon\www\shop\core\vvt\Router.php | Строка 33
[2026-05-02 12:40:40] Текст ошибки Undefined array key "controller" | Файл S:\laragon\www\shop\core\vvt\Router.php | Строка 44
[2026-05-02 13:08:41] Текст ошибки Undefined array key "controller" | Файл S:\laragon\www\shop\core\vvt\Router.php | Строка 41
[2026-05-02 13:08:41] Текст ошибки Undefined array key "controller" | Файл S:\laragon\www\shop\core\vvt\Router.php | Строка 41
[2026-05-02 13:10:15] Текст ошибки Undefined array key "controller" | Файл S:\laragon\www\shop\core\vvt\Router.php | Строка 41
[2026-05-02 13:10:15] Текст ошибки Undefined array key "controller" | Файл S:\laragon\www\shop\core\vvt\Router.php | Строка 41
[2026-05-02 13:38:53] Текст ошибки Undefined array key "controller" | Файл S:\laragon\www\shop\core\vvt\Router.php | Строка 43
[2026-05-02 15:13:11] Текст ошибки preg_match(): No ending delimiter '^' found | Файл S:\laragon\www\shop\core\vvt\Router.php | Строка 33
[2026-05-02 15:13:12] Текст ошибки preg_match(): No ending delimiter '^' found | Файл S:\laragon\www\shop\core\vvt\Router.php | Строка 33
[2026-05-02 15:20:10] Текст ошибки Страница не найдена | Файл S:\laragon\www\shop\core\vvt\Router.php | Строка 29
[2026-05-02 15:20:22] Текст ошибки Страница не найдена | Файл S:\laragon\www\shop\core\vvt\Router.php | Строка 29
[2026-05-02 15:20:34] Текст ошибки Страница не найдена | Файл S:\laragon\www\shop\core\vvt\Router.php | Строка 29
[2026-05-02 15:32:25] Текст ошибки Array to string conversion | Файл S:\laragon\www\shop\core\vvt\Router.php | Строка 27
[2026-05-02 15:43:11] Текст ошибки Контроллер app\controllers\admin\SomeController не найден | Файл S:\laragon\www\shop\core\vvt\Router.php | Строка 32
[2026-05-02 15:43:17] Текст ошибки Контроллер app\controllers\MainController не найден | Файл S:\laragon\www\shop\core\vvt\Router.php | Строка 32
[2026-05-02 15:43:17] Текст ошибки Контроллер app\controllers\MainController не найден | Файл S:\laragon\www\shop\core\vvt\Router.php | Строка 32
[2026-05-02 15:48:40] Текст ошибки Object of class app\controllers\MainController could not be converted to string | Файл S:\laragon\www\shop\core\vvt\Router.php | Строка 34
[2026-05-02 15:49:07] Текст ошибки Object of class app\controllers\MainController could not be converted to string | Файл S:\laragon\www\shop\core\vvt\Router.php | Строка 34
[2026-05-02 15:50:04] Текст ошибки Метод app\controllers\MainController::indexAction не найден | Файл S:\laragon\www\shop\core\vvt\Router.php | Строка 34
[2026-05-02 16:12:39] Текст ошибки Контроллер app\controllers\admin\MainController не найден | Файл S:\laragon\www\shop\core\vvt\Router.php | Строка 37
[2026-05-02 16:12:39] Текст ошибки Контроллер app\controllers\admin\MainController не найден | Файл S:\laragon\www\shop\core\vvt\Router.php | Строка 37
[2026-05-02 16:15:15] Текст ошибки Страница не найдена | Файл S:\laragon\www\shop\core\vvt\Router.php | Строка 40
[2026-05-02 16:15:21] Текст ошибки Страница не найдена | Файл S:\laragon\www\shop\core\vvt\Router.php | Строка 40
[2026-05-02 16:15:24] Текст ошибки Метод app\controllers\PageController::viewAction не найден | Файл S:\laragon\www\shop\core\vvt\Router.php | Строка 34
[2026-05-02 16:24:29] Текст ошибки vvt\Router::matchRoute(): Argument #1 ($url) must be of type string, null given, called in S:\laragon\www\shop\core\vvt\Router.php on line 35 | Файл S:\laragon\www\shop\core\vvt\Router.php | Строка 52
[2026-05-02 16:25:03] Текст ошибки vvt\Router::matchRoute(): Argument #1 ($url) must be of type string, null given, called in S:\laragon\www\shop\core\vvt\Router.php on line 35 | Файл S:\laragon\www\shop\core\vvt\Router.php | Строка 52
[2026-05-02 16:25:48] Текст ошибки Страница не найдена | Файл S:\laragon\www\shop\core\vvt\Router.php | Строка 49
[2026-05-02 16:29:10] Текст ошибки Страница не найдена | Файл S:\laragon\www\shop\core\vvt\Router.php | Строка 52
[2026-05-02 16:29:21] Текст ошибки Страница не найдена | Файл S:\laragon\www\shop\core\vvt\Router.php | Строка 52
[2026-05-02 16:31:11] Текст ошибки Страница не найдена | Файл S:\laragon\www\shop\core\vvt\Router.php | Строка 52
[2026-05-02 16:32:45] Текст ошибки Метод app\controllers\PageController::viewAction не найден | Файл S:\laragon\www\shop\core\vvt\Router.php | Строка 45
[2026-05-02 18:01:13] Текст ошибки Метод app\controllers\PageController::viewAction не найден | Файл S:\laragon\www\shop\core\vvt\Router.php | Строка 45
[2026-05-02 18:17:18] Текст ошибки Метод app\controllers\PageController::vieAction не найден | Файл S:\laragon\www\shop\core\vvt\Router.php | Строка 45
[2026-05-02 18:17:25] Текст ошибки Метод app\controllers\PageController::viewAction не найден | Файл S:\laragon\www\shop\core\vvt\Router.php | Строка 45
[2026-05-02 18:17:30] Текст ошибки Метод app\controllers\PageController::viewAction не найден | Файл S:\laragon\www\shop\core\vvt\Router.php | Строка 45
[2026-05-02 18:17:48] Текст ошибки Метод app\controllers\PageController::viewAction не найден | Файл S:\laragon\www\shop\core\vvt\Router.php | Строка 45
[2026-05-02 18:18:22] Текст ошибки Страница не найдена | Файл S:\laragon\www\shop\core\vvt\Router.php | Строка 52
[2026-05-02 18:20:02] Текст ошибки Страница не найдена | Файл S:\laragon\www\shop\core\vvt\Router.php | Строка 52
[2026-05-02 18:20:07] Текст ошибки Метод app\controllers\PageController::viewAction не найден | Файл S:\laragon\www\shop\core\vvt\Router.php | Строка 46
[2026-05-02 18:20:07] Текст ошибки Метод app\controllers\PageController::viewAction не найден | Файл S:\laragon\www\shop\core\vvt\Router.php | Строка 46
[2026-05-02 18:22:28] Текст ошибки Страница не найдена | Файл S:\laragon\www\shop\core\vvt\Router.php | Строка 52
[2026-05-02 18:23:07] Текст ошибки Страница не найдена | Файл S:\laragon\www\shop\core\vvt\Router.php | Строка 52
[2026-05-02 18:23:14] Текст ошибки Страница не найдена | Файл S:\laragon\www\shop\core\vvt\Router.php | Строка 52
[2026-05-02 18:23:39] Текст ошибки Страница не найдена | Файл S:\laragon\www\shop\core\vvt\Router.php | Строка 52
[2026-05-02 18:23:46] Текст ошибки Метод app\controllers\PageController::viewAction не найден | Файл S:\laragon\www\shop\core\vvt\Router.php | Строка 46
[2026-05-02 18:23:46] Текст ошибки Метод app\controllers\PageController::viewAction не найден | Файл S:\laragon\www\shop\core\vvt\Router.php | Строка 46
[2026-05-02 18:25:04] Текст ошибки Страница не найдена | Файл S:\laragon\www\shop\core\vvt\Router.php | Строка 52
[2026-05-02 18:25:16] Текст ошибки Страница не найдена | Файл S:\laragon\www\shop\core\vvt\Router.php | Строка 52
[2026-05-02 18:26:10] Текст ошибки Страница не найдена | Файл S:\laragon\www\shop\core\vvt\Router.php | Строка 51
[2026-05-02 18:26:19] Текст ошибки Метод app\controllers\PageController::viewAction не найден | Файл S:\laragon\www\shop\core\vvt\Router.php | Строка 45
[2026-05-02 18:26:37] Текст ошибки Страница не найдена | Файл S:\laragon\www\shop\core\vvt\Router.php | Строка 51
[2026-05-02 18:26:38] Текст ошибки Страница не найдена | Файл S:\laragon\www\shop\core\vvt\Router.php | Строка 51
[2026-05-02 18:26:38] Текст ошибки Страница не найдена | Файл S:\laragon\www\shop\core\vvt\Router.php | Строка 51
[2026-05-02 18:26:44] Текст ошибки Страница не найдена | Файл S:\laragon\www\shop\core\vvt\Router.php | Строка 51
[2026-05-02 18:26:45] Текст ошибки Страница не найдена | Файл S:\laragon\www\shop\core\vvt\Router.php | Строка 51
[2026-05-02 18:27:05] Текст ошибки Страница не найдена | Файл S:\laragon\www\shop\core\vvt\Router.php | Строка 52
[2026-05-02 18:29:50] Текст ошибки Страница не найдена | Файл S:\laragon\www\shop\core\vvt\Router.php | Строка 52
[2026-05-02 18:31:53] Текст ошибки Метод app\controllers\PageController::vAction не найден | Файл S:\laragon\www\shop\core\vvt\Router.php | Строка 45
[2026-05-02 18:44:59] Текст ошибки Метод app\controllers\PageController::vAction не найден | Файл S:\laragon\www\shop\core\vvt\Router.php | Строка 46
[2026-05-02 20:05:19] Текст ошибки Страница не найдена | Файл S:\laragon\www\shop\core\vvt\Router.php | Строка 51
[2026-05-02 20:05:34] Текст ошибки Контроллер app\controllers\admin\PageController не найден | Файл S:\laragon\www\shop\core\vvt\Router.php | Строка 48
[2026-05-02 20:06:36] Текст ошибки Страница не найдена | Файл S:\laragon\www\shop\core\vvt\Router.php | Строка 51
[2026-05-02 20:06:45] Текст ошибки Контроллер app\controllers\ProductController не найден | Файл S:\laragon\www\shop\core\vvt\Router.php | Строка 48
[2026-05-03 16:33:07] Текст ошибки Typed property vvt\Controller::$model must not be accessed before initialization | Файл S:\laragon\www\shop\app\controllers\MainController.php | Строка 12
[2026-05-03 16:33:07] Текст ошибки Страница не найдена | Файл S:\laragon\www\shop\core\vvt\Router.php | Строка 55
[2026-05-03 16:35:05] Текст ошибки Страница не найдена | Файл S:\laragon\www\shop\core\vvt\Router.php | Строка 55
[2026-05-03 16:35:08] Текст ошибки Контроллер app\controllers\ProductController не найден | Файл S:\laragon\www\shop\core\vvt\Router.php | Строка 52
[2026-05-03 18:29:16] Текст ошибки Typed property vvt\Controller::$model must not be accessed before initialization | Файл S:\laragon\www\shop\core\vvt\Controller.php | Строка 20
[2026-05-03 18:29:19] Текст ошибки Typed property vvt\Controller::$model must not be accessed before initialization | Файл S:\laragon\www\shop\core\vvt\Controller.php | Строка 20
[2026-05-03 18:29:19] Текст ошибки Страница не найдена | Файл S:\laragon\www\shop\core\vvt\Router.php | Строка 55
[2026-05-03 18:29:27] Текст ошибки Typed property vvt\Controller::$model must not be accessed before initialization | Файл S:\laragon\www\shop\core\vvt\Controller.php | Строка 20
[2026-05-03 18:30:17] Текст ошибки Страница не найдена | Файл S:\laragon\www\shop\core\vvt\Router.php | Строка 55
[2026-05-03 18:34:05] Текст ошибки Страница не найдена | Файл S:\laragon\www\shop\core\vvt\Router.php | Строка 55
[2026-05-03 18:34:13] Текст ошибки Страница не найдена | Файл S:\laragon\www\shop\core\vvt\Router.php | Строка 55
[2026-05-03 18:39:34] Текст ошибки Typed property vvt\Controller::$model must not be accessed before initialization | Файл S:\laragon\www\shop\app\controllers\MainController.php | Строка 11
[2026-05-04 05:21:00] Текст ошибки Страница не найдена | Файл S:\laragon\www\shop\core\vvt\Router.php | Строка 55
[2026-05-04 05:56:35] Текст ошибки Страница не найдена | Файл S:\laragon\www\shop\core\vvt\Router.php | Строка 64
[2026-05-04 10:11:37] Текст ошибки Страница не найдена | Файл S:\laragon\www\shop\core\vvt\Router.php | Строка 63
[2026-05-04 16:22:48] Текст ошибки Страница не найдена | Файл S:\laragon\www\shop\core\vvt\Router.php | Строка 63
[2026-05-04 19:35:30] Текст ошибки Страница не найдена | Файл S:\laragon\www\shop\core\vvt\Router.php | Строка 63
[2026-05-04 19:36:25] Текст ошибки Страница не найдена | Файл S:\laragon\www\shop\core\vvt\Router.php | Строка 63
[2026-05-04 19:36:44] Текст ошибки Страница не найдена | Файл S:\laragon\www\shop\core\vvt\Router.php | Строка 63
[2026-05-04 19:41:13] Текст ошибки Страница не найдена | Файл S:\laragon\www\shop\core\vvt\Router.php | Строка 63
[2026-05-04 19:41:29] Текст ошибки Страница не найдена | Файл S:\laragon\www\shop\core\vvt\Router.php | Строка 63
[2026-05-04 19:49:14] Текст ошибки Не найден вид S:\laragon\www\shop/app/view/Main/index.php | Файл S:\laragon\www\shop\core\vvt\View.php | Строка 34
[2026-05-04 19:51:55] Текст ошибки Не найден вид S:\laragon\www\shop/app/views/Page/view.php | Файл S:\laragon\www\shop\core\vvt\View.php | Строка 34
[2026-05-04 20:10:40] Текст ошибки syntax error, unexpected token "}" | Файл S:\laragon\www\shop\core\vvt\View.php | Строка 44
[2026-05-04 20:10:53] Текст ошибки syntax error, unexpected token "}" | Файл S:\laragon\www\shop\core\vvt\View.php | Строка 44
[2026-05-04 20:11:03] Текст ошибки Не найден вид S:\laragon\www\shop/app/views/Page/view.php | Файл S:\laragon\www\shop\core\vvt\View.php | Строка 36
[2026-05-04 20:15:41] Текст ошибки Не найден шаблон S:\laragon\www\shop/app/views/layouts/test.php | Файл S:\laragon\www\shop\core\vvt\View.php | Строка 43
[2026-05-04 20:15:41] Текст ошибки Не найден шаблон S:\laragon\www\shop/app/views/layouts/test.php | Файл S:\laragon\www\shop\core\vvt\View.php | Строка 43
[2026-05-04 20:16:51] Текст ошибки Не найден шаблон S:\laragon\www\shop/app/views/layouts/test.php | Файл S:\laragon\www\shop\core\vvt\View.php | Строка 43
[2026-05-05 14:31:01] Текст ошибки Страница не найдена | Файл S:\laragon\www\shop\core\vvt\Router.php | Строка 63
[2026-05-05 14:51:23] Текст ошибки Не найден шаблон S:\laragon\www\shop/app/views/layouts/test.php | Файл S:\laragon\www\shop\core\vvt\View.php | Строка 44
[2026-05-05 14:54:25] Текст ошибки Не найден шаблон S:\laragon\www\shop/app/views/layouts/test.php | Файл S:\laragon\www\shop\core\vvt\View.php | Строка 44
[2026-05-05 17:19:47] Текст ошибки Не найден шаблон S:\laragon\www\shop/app/views/layouts/test.php | Файл S:\laragon\www\shop\core\vvt\View.php | Строка 44
[2026-05-05 17:19:57] Текст ошибки Не найден шаблон S:\laragon\www\shop/app/views/layouts/myShop.php | Файл S:\laragon\www\shop\core\vvt\View.php | Строка 44
[2026-05-05 17:33:19] Текст ошибки Не найден шаблон S:\laragon\www\shop/app/views/layouts/test.php | Файл S:\laragon\www\shop\core\vvt\View.php | Строка 44
[2026-05-05 19:36:23] Текст ошибки syntax error, unexpected token ";", expecting ")" | Файл S:\laragon\www\shop\app\views\layouts\myShop.php | Строка 14
[2026-05-06 05:22:52] Текст ошибки Страница не найдена | Файл S:\laragon\www\shop\core\vvt\Router.php | Строка 63
[2026-05-06 05:33:15] Текст ошибки Страница не найдена | Файл S:\laragon\www\shop\core\vvt\Router.php | Строка 63
[2026-05-06 05:33:50] Текст ошибки Страница не найдена | Файл S:\laragon\www\shop\core\vvt\Router.php | Строка 63
[2026-05-06 06:04:06] Текст ошибки Class "Db" not found | Файл S:\laragon\www\shop\app\controllers\MainController.php | Строка 13
[2026-05-06 06:05:22] Текст ошибки SQLSTATE[HY000] [2019] Unknown character set | Файл S:\laragon\www\shop\config\config-db.php | Строка 15
[2026-05-06 06:07:08] Текст ошибки SQLSTATE[HY000] [2019] Unknown character set | Файл S:\laragon\www\shop\config\config-db.php | Строка 15
[2026-05-06 06:07:09] Текст ошибки SQLSTATE[HY000] [2019] Unknown character set | Файл S:\laragon\www\shop\config\config-db.php | Строка 15
[2026-05-06 06:07:09] Текст ошибки Страница не найдена | Файл S:\laragon\www\shop\core\vvt\Router.php | Строка 63
[2026-05-06 06:07:42] Текст ошибки SQLSTATE[HY000] [2019] Unknown character set | Файл S:\laragon\www\shop\config\config-db.php | Строка 15
[2026-05-06 06:11:27] Текст ошибки SQLSTATE[HY000] [2019] Unknown character set | Файл S:\laragon\www\shop\core\vvt\Db.php | Строка 14
[2026-05-06 06:13:16] Текст ошибки SQLSTATE[HY000] [2019] Unknown character set | Файл S:\laragon\www\shop\core\vvt\Db.php | Строка 14
[2026-05-06 06:13:17] Текст ошибки SQLSTATE[HY000] [2019] Unknown character set | Файл S:\laragon\www\shop\core\vvt\Db.php | Строка 14
[2026-05-06 06:13:17] Текст ошибки Страница не найдена | Файл S:\laragon\www\shop\core\vvt\Router.php | Строка 63
[2026-05-06 06:40:00] Текст ошибки Class "R" not found | Файл S:\laragon\www\shop\core\vvt\Db.php | Строка 14
[2026-05-06 07:10:13] Текст ошибки No connection to DB | Файл S:\laragon\www\shop\core\vvt\Db.php | Строка 18
[2026-05-06 15:02:05] Текст ошибки SQLSTATE[42S02]: Base table or view not found: 1146 Table 'shop.name' doesn't exist | Файл S:\laragon\www\shop\vendor\gabordemooij\redbean\RedBeanPHP\Driver\RPDO.php | Строка 206
[2026-05-06 16:47:34] Текст ошибки Страница не найдена | Файл S:\laragon\www\shop\core\vvt\Router.php | Строка 63
[2026-05-06 16:51:44] Текст ошибки SQLSTATE[42S02]: Base table or view not found: 1146 Table 'shop.names' doesn't exist | Файл S:\laragon\www\shop\vendor\gabordemooij\redbean\RedBeanPHP\Driver\RPDO.php | Строка 206
[2026-05-06 16:55:59] Текст ошибки Call to a member function find() on null | Файл S:\laragon\www\shop\vendor\gabordemooij\redbean\RedBeanPHP\Facade.php | Строка 1055
[2026-05-07 18:46:35] Текст ошибки Страница не найдена | Файл S:\laragon\www\shop\core\vvt\Router.php | Строка 63
[2026-05-07 18:57:12] Текст ошибки Array to string conversion | Файл S:\laragon\www\shop\app\views\Layouts\myShop.php | Строка 17
[2026-05-07 19:02:19] Текст ошибки SQLSTATE[42S02]: Base table or view not found: 1146 Table 'shop.name' doesn't exist | Файл S:\laragon\www\shop\vendor\gabordemooij\redbean\RedBeanPHP\Driver\RPDO.php | Строка 206
[2026-05-07 19:03:06] Текст ошибки SQLSTATE[42S02]: Base table or view not found: 1146 Table 'shop.shop' doesn't exist | Файл S:\laragon\www\shop\vendor\gabordemooij\redbean\RedBeanPHP\Driver\RPDO.php | Строка 206
[2026-05-07 19:03:48] Текст ошибки SQLSTATE[42000]: Syntax error or access violation: 1064 You have an error in your SQL syntax; check the manual that corresponds to your MySQL server version for the right syntax to use near '`users WHERE id=2' at line 1 | Файл S:\laragon\www\shop\vendor\gabordemooij\redbean\RedBeanPHP\Driver\RPDO.php | Строка 206
[2026-05-16 14:34:58] Текст ошибки Страница не найдена | Файл S:\laragon\www\shop\core\vvt\Router.php | Строка 63
[2026-05-19 14:16:02] Текст ошибки Страница не найдена | Файл S:\laragon\www\shop\core\vvt\Router.php | Строка 63
[2026-05-19 14:16:49] Текст ошибки No connection to DB | Файл S:\laragon\www\shop\core\vvt\Db.php | Строка 18
[2026-05-19 14:28:03] Текст ошибки Страница не найдена | Файл S:\laragon\www\shop\core\vvt\Router.php | Строка 63
[2026-05-19 14:28:03] Текст ошибки Страница не найдена | Файл S:\laragon\www\shop\core\vvt\Router.php | Строка 63
[2026-05-19 14:28:03] Текст ошибки Страница не найдена | Файл S:\laragon\www\shop\core\vvt\Router.php | Строка 63
[2026-05-19 14:28:03] Текст ошибки Страница не найдена | Файл S:\laragon\www\shop\core\vvt\Router.php | Строка 63
[2026-05-19 14:28:03] Текст ошибки Страница не найдена | Файл S:\laragon\www\shop\core\vvt\Router.php | Строка 63
[2026-05-19 14:28:03] Текст ошибки Страница не найдена | Файл S:\laragon\www\shop\core\vvt\Router.php | Строка 63
[2026-05-19 14:28:03] Текст ошибки Страница не найдена | Файл S:\laragon\www\shop\core\vvt\Router.php | Строка 63
[2026-05-19 14:28:03] Текст ошибки Страница не найдена | Файл S:\laragon\www\shop\core\vvt\Router.php | Строка 63
[2026-05-19 14:28:03] Текст ошибки Страница не найдена | Файл S:\laragon\www\shop\core\vvt\Router.php | Строка 63
[2026-05-19 14:28:04] Текст ошибки Страница не найдена | Файл S:\laragon\www\shop\core\vvt\Router.php | Строка 63
[2026-05-19 14:28:04] Текст ошибки Страница не найдена | Файл S:\laragon\www\shop\core\vvt\Router.php | Строка 63
[2026-05-19 14:28:04] Текст ошибки Страница не найдена | Файл S:\laragon\www\shop\core\vvt\Router.php | Строка 63
[2026-05-19 14:28:04] Текст ошибки Страница не найдена | Файл S:\laragon\www\shop\core\vvt\Router.php | Строка 63
[2026-05-19 14:28:05] Текст ошибки Страница не найдена | Файл S:\laragon\www\shop\core\vvt\Router.php | Строка 63
[2026-05-19 14:31:12] Текст ошибки Страница не найдена | Файл S:\laragon\www\shop\core\vvt\Router.php | Строка 63
[2026-05-19 14:31:12] Текст ошибки Страница не найдена | Файл S:\laragon\www\shop\core\vvt\Router.php | Строка 63
[2026-05-19 14:31:12] Текст ошибки Страница не найдена | Файл S:\laragon\www\shop\core\vvt\Router.php | Строка 63
[2026-05-19 14:31:12] Текст ошибки Страница не найдена | Файл S:\laragon\www\shop\core\vvt\Router.php | Строка 63
[2026-05-19 14:31:12] Текст ошибки Страница не найдена | Файл S:\laragon\www\shop\core\vvt\Router.php | Строка 63
[2026-05-19 14:31:12] Текст ошибки Страница не найдена | Файл S:\laragon\www\shop\core\vvt\Router.php | Строка 63
[2026-05-19 14:31:12] Текст ошибки Страница не найдена | Файл S:\laragon\www\shop\core\vvt\Router.php | Строка 63
[2026-05-19 14:31:12] Текст ошибки Страница не найдена | Файл S:\laragon\www\shop\core\vvt\Router.php | Строка 63
[2026-05-19 14:31:12] Текст ошибки Страница не найдена | Файл S:\laragon\www\shop\core\vvt\Router.php | Строка 63
[2026-05-19 14:31:12] Текст ошибки Страница не найдена | Файл S:\laragon\www\shop\core\vvt\Router.php | Строка 63
[2026-05-19 14:31:12] Текст ошибки Страница не найдена | Файл S:\laragon\www\shop\core\vvt\Router.php | Строка 63
[2026-05-19 14:31:12] Текст ошибки Страница не найдена | Файл S:\laragon\www\shop\core\vvt\Router.php | Строка 63
[2026-05-19 14:31:12] Текст ошибки Страница не найдена | Файл S:\laragon\www\shop\core\vvt\Router.php | Строка 63
[2026-05-19 14:31:13] Текст ошибки Страница не найдена | Файл S:\laragon\www\shop\core\vvt\Router.php | Строка 63
[2026-05-19 14:31:16] Текст ошибки Страница не найдена | Файл S:\laragon\www\shop\core\vvt\Router.php | Строка 63
[2026-05-19 14:31:16] Текст ошибки Страница не найдена | Файл S:\laragon\www\shop\core\vvt\Router.php | Строка 63
[2026-05-19 14:31:16] Текст ошибки Страница не найдена | Файл S:\laragon\www\shop\core\vvt\Router.php | Строка 63
[2026-05-19 14:31:16] Текст ошибки Страница не найдена | Файл S:\laragon\www\shop\core\vvt\Router.php | Строка 63
[2026-05-19 14:31:16] Текст ошибки Страница не найдена | Файл S:\laragon\www\shop\core\vvt\Router.php | Строка 63
[2026-05-19 14:31:16] Текст ошибки Страница не найдена | Файл S:\laragon\www\shop\core\vvt\Router.php | Строка 63
[2026-05-19 14:31:16] Текст ошибки Страница не найдена | Файл S:\laragon\www\shop\core\vvt\Router.php | Строка 63
[2026-05-19 14:31:16] Текст ошибки Страница не найдена | Файл S:\laragon\www\shop\core\vvt\Router.php | Строка 63
[2026-05-19 14:31:16] Текст ошибки Страница не найдена | Файл S:\laragon\www\shop\core\vvt\Router.php | Строка 63
[2026-05-19 14:31:16] Текст ошибки Страница не найдена | Файл S:\laragon\www\shop\core\vvt\Router.php | Строка 63
[2026-05-19 14:31:16] Текст ошибки Страница не найдена | Файл S:\laragon\www\shop\core\vvt\Router.php | Строка 63
[2026-05-19 14:31:16] Текст ошибки Страница не найдена | Файл S:\laragon\www\shop\core\vvt\Router.php | Строка 63
[2026-05-19 14:31:17] Текст ошибки Страница не найдена | Файл S:\laragon\www\shop\core\vvt\Router.php | Строка 63
[2026-05-19 14:31:17] Текст ошибки Страница не найдена | Файл S:\laragon\www\shop\core\vvt\Router.php | Строка 63
[2026-05-19 14:31:28] Текст ошибки Страница не найдена | Файл S:\laragon\www\shop\core\vvt\Router.php | Строка 63
[2026-05-19 14:31:34] Текст ошибки Страница не найдена | Файл S:\laragon\www\shop\core\vvt\Router.php | Строка 63
[2026-05-19 14:31:34] Текст ошибки Страница не найдена | Файл S:\laragon\www\shop\core\vvt\Router.php | Строка 63
[2026-05-19 14:31:34] Текст ошибки Страница не найдена | Файл S:\laragon\www\shop\core\vvt\Router.php | Строка 63
[2026-05-19 14:31:34] Текст ошибки Страница не найдена | Файл S:\laragon\www\shop\core\vvt\Router.php | Строка 63
[2026-05-19 14:31:34] Текст ошибки Страница не найдена | Файл S:\laragon\www\shop\core\vvt\Router.php | Строка 63
[2026-05-19 14:31:34] Текст ошибки Страница не найдена | Файл S:\laragon\www\shop\core\vvt\Router.php | Строка 63
[2026-05-19 14:31:34] Текст ошибки Страница не найдена | Файл S:\laragon\www\shop\core\vvt\Router.php | Строка 63
[2026-05-19 14:31:34] Текст ошибки Страница не найдена | Файл S:\laragon\www\shop\core\vvt\Router.php | Строка 63
[2026-05-19 14:31:34] Текст ошибки Страница не найдена | Файл S:\laragon\www\shop\core\vvt\Router.php | Строка 63
[2026-05-19 14:31:34] Текст ошибки Страница не найдена | Файл S:\laragon\www\shop\core\vvt\Router.php | Строка 63
[2026-05-19 14:31:34] Текст ошибки Страница не найдена | Файл S:\laragon\www\shop\core\vvt\Router.php | Строка 63
[2026-05-19 14:31:34] Текст ошибки Страница не найдена | Файл S:\laragon\www\shop\core\vvt\Router.php | Строка 63
[2026-05-19 14:32:05] Текст ошибки Страница не найдена | Файл S:\laragon\www\shop\core\vvt\Router.php | Строка 63
[2026-05-19 14:32:05] Текст ошибки Страница не найдена | Файл S:\laragon\www\shop\core\vvt\Router.php | Строка 63
[2026-05-19 14:32:05] Текст ошибки Страница не найдена | Файл S:\laragon\www\shop\core\vvt\Router.php | Строка 63
[2026-05-19 14:32:05] Текст ошибки Страница не найдена | Файл S:\laragon\www\shop\core\vvt\Router.php | Строка 63
[2026-05-19 14:32:05] Текст ошибки Страница не найдена | Файл S:\laragon\www\shop\core\vvt\Router.php | Строка 63
[2026-05-19 14:32:05] Текст ошибки Страница не найдена | Файл S:\laragon\www\shop\core\vvt\Router.php | Строка 63
[2026-05-19 14:32:05] Текст ошибки Страница не найдена | Файл S:\laragon\www\shop\core\vvt\Router.php | Строка 63
[2026-05-19 14:32:05] Текст ошибки Страница не найдена | Файл S:\laragon\www\shop\core\vvt\Router.php | Строка 63
[2026-05-19 14:32:05] Текст ошибки Страница не найдена | Файл S:\laragon\www\shop\core\vvt\Router.php | Строка 63
[2026-05-19 14:32:05] Текст ошибки Страница не найдена | Файл S:\laragon\www\shop\core\vvt\Router.php | Строка 63
[2026-05-19 14:32:05] Текст ошибки Страница не найдена | Файл S:\laragon\www\shop\core\vvt\Router.php | Строка 63
[2026-05-19 14:32:05] Текст ошибки Страница не найдена | Файл S:\laragon\www\shop\core\vvt\Router.php | Строка 63
[2026-05-19 14:33:49] Текст ошибки Страница не найдена | Файл S:\laragon\www\shop\core\vvt\Router.php | Строка 63
[2026-05-19 14:33:49] Текст ошибки Страница не найдена | Файл S:\laragon\www\shop\core\vvt\Router.php | Строка 63
[2026-05-19 14:33:49] Текст ошибки Страница не найдена | Файл S:\laragon\www\shop\core\vvt\Router.php | Строка 63
[2026-05-19 14:33:49] Текст ошибки Страница не найдена | Файл S:\laragon\www\shop\core\vvt\Router.php | Строка 63
[2026-05-19 14:33:49] Текст ошибки Страница не найдена | Файл S:\laragon\www\shop\core\vvt\Router.php | Строка 63
[2026-05-19 14:33:49] Текст ошибки Страница не найдена | Файл S:\laragon\www\shop\core\vvt\Router.php | Строка 63
[2026-05-19 14:33:49] Текст ошибки Страница не найдена | Файл S:\laragon\www\shop\core\vvt\Router.php | Строка 63
[2026-05-19 14:33:49] Текст ошибки Страница не найдена | Файл S:\laragon\www\shop\core\vvt\Router.php | Строка 63
[2026-05-19 14:33:49] Текст ошибки Страница не найдена | Файл S:\laragon\www\shop\core\vvt\Router.php | Строка 63
[2026-05-19 14:33:49] Текст ошибки Страница не найдена | Файл S:\laragon\www\shop\core\vvt\Router.php | Строка 63
[2026-05-19 14:33:49] Текст ошибки Страница не найдена | Файл S:\laragon\www\shop\core\vvt\Router.php | Строка 63
[2026-05-19 14:33:49] Текст ошибки Страница не найдена | Файл S:\laragon\www\shop\core\vvt\Router.php | Строка 63
[2026-05-19 14:33:53] Текст ошибки Страница не найдена | Файл S:\laragon\www\shop\core\vvt\Router.php | Строка 63
[2026-05-19 14:33:53] Текст ошибки Страница не найдена | Файл S:\laragon\www\shop\core\vvt\Router.php | Строка 63
[2026-05-19 14:33:53] Текст ошибки Страница не найдена | Файл S:\laragon\www\shop\core\vvt\Router.php | Строка 63
[2026-05-19 14:33:53] Текст ошибки Страница не найдена | Файл S:\laragon\www\shop\core\vvt\Router.php | Строка 63
[2026-05-19 14:33:53] Текст ошибки Страница не найдена | Файл S:\laragon\www\shop\core\vvt\Router.php | Строка 63
[2026-05-19 14:33:53] Текст ошибки Страница не найдена | Файл S:\laragon\www\shop\core\vvt\Router.php | Строка 63
[2026-05-19 14:33:53] Текст ошибки Страница не найдена | Файл S:\laragon\www\shop\core\vvt\Router.php | Строка 63
[2026-05-19 14:33:53] Текст ошибки Страница не найдена | Файл S:\laragon\www\shop\core\vvt\Router.php | Строка 63
[2026-05-19 14:33:53] Текст ошибки Страница не найдена | Файл S:\laragon\www\shop\core\vvt\Router.php | Строка 63
[2026-05-19 14:33:53] Текст ошибки Страница не найдена | Файл S:\laragon\www\shop\core\vvt\Router.php | Строка 63
[2026-05-19 14:33:53] Текст ошибки Страница не найдена | Файл S:\laragon\www\shop\core\vvt\Router.php | Строка 63
[2026-05-19 14:33:53] Текст ошибки Страница не найдена | Файл S:\laragon\www\shop\core\vvt\Router.php | Строка 63
[2026-05-19 14:33:53] Текст ошибки Страница не найдена | Файл S:\laragon\www\shop\core\vvt\Router.php | Строка 63
[2026-05-19 14:34:46] Текст ошибки Страница не найдена | Файл S:\laragon\www\shop\core\vvt\Router.php | Строка 63
[2026-05-19 14:34:46] Текст ошибки Страница не найдена | Файл S:\laragon\www\shop\core\vvt\Router.php | Строка 63
[2026-05-19 14:34:46] Текст ошибки Страница не найдена | Файл S:\laragon\www\shop\core\vvt\Router.php | Строка 63
[2026-05-19 14:34:46] Текст ошибки Страница не найдена | Файл S:\laragon\www\shop\core\vvt\Router.php | Строка 63
[2026-05-19 14:34:46] Текст ошибки Страница не найдена | Файл S:\laragon\www\shop\core\vvt\Router.php | Строка 63
[2026-05-19 14:34:46] Текст ошибки Страница не найдена | Файл S:\laragon\www\shop\core\vvt\Router.php | Строка 63
[2026-05-19 14:34:46] Текст ошибки Страница не найдена | Файл S:\laragon\www\shop\core\vvt\Router.php | Строка 63
[2026-05-19 14:34:46] Текст ошибки Страница не найдена | Файл S:\laragon\www\shop\core\vvt\Router.php | Строка 63
[2026-05-19 14:34:46] Текст ошибки Страница не найдена | Файл S:\laragon\www\shop\core\vvt\Router.php | Строка 63
[2026-05-19 14:34:46] Текст ошибки Страница не найдена | Файл S:\laragon\www\shop\core\vvt\Router.php | Строка 63
[2026-05-19 14:34:46] Текст ошибки Страница не найдена | Файл S:\laragon\www\shop\core\vvt\Router.php | Строка 63
[2026-05-19 14:34:46] Текст ошибки Страница не найдена | Файл S:\laragon\www\shop\core\vvt\Router.php | Строка 63
[2026-05-19 14:34:46] Текст ошибки Страница не найдена | Файл S:\laragon\www\shop\core\vvt\Router.php | Строка 63
[2026-05-19 14:38:54] Текст ошибки Страница не найдена | Файл S:\laragon\www\shop\core\vvt\Router.php | Строка 63
[2026-05-19 14:41:51] Текст ошибки Страница не найдена | Файл S:\laragon\www\shop\core\vvt\Router.php | Строка 63
[2026-05-19 14:41:51] Текст ошибки Страница не найдена | Файл S:\laragon\www\shop\core\vvt\Router.php | Строка 63
[2026-05-19 14:42:04] Текст ошибки Страница не найдена | Файл S:\laragon\www\shop\core\vvt\Router.php | Строка 63
[2026-05-19 14:42:04] Текст ошибки Страница не найдена | Файл S:\laragon\www\shop\core\vvt\Router.php | Строка 63
[2026-05-19 14:42:04] Текст ошибки Страница не найдена | Файл S:\laragon\www\shop\core\vvt\Router.php | Строка 63
[2026-05-19 14:42:38] Текст ошибки Страница не найдена | Файл S:\laragon\www\shop\core\vvt\Router.php | Строка 63
[2026-05-19 14:42:38] Текст ошибки Страница не найдена | Файл S:\laragon\www\shop\core\vvt\Router.php | Строка 63
[2026-05-19 14:42:56] Текст ошибки Страница не найдена | Файл S:\laragon\www\shop\core\vvt\Router.php | Строка 63
[2026-05-19 14:45:00] Текст ошибки Страница не найдена | Файл S:\laragon\www\shop\core\vvt\Router.php | Строка 63
[2026-05-19 14:46:00] Текст ошибки Страница не найдена | Файл S:\laragon\www\shop\core\vvt\Router.php | Строка 63
[2026-05-19 14:50:39] Текст ошибки Страница не найдена | Файл S:\laragon\www\shop\core\vvt\Router.php | Строка 63
[2026-05-19 14:54:46] Текст ошибки Страница не найдена | Файл S:\laragon\www\shop\core\vvt\Router.php | Строка 63
[2026-05-19 14:54:46] Текст ошибки Страница не найдена | Файл S:\laragon\www\shop\core\vvt\Router.php | Строка 63
[2026-05-19 14:55:20] Текст ошибки Страница не найдена | Файл S:\laragon\www\shop\core\vvt\Router.php | Строка 63
[2026-05-19 14:55:20] Текст ошибки Страница не найдена | Файл S:\laragon\www\shop\core\vvt\Router.php | Строка 63
[2026-05-19 14:55:20] Текст ошибки Страница не найдена | Файл S:\laragon\www\shop\core\vvt\Router.php | Строка 63
[2026-05-19 14:55:20] Текст ошибки Страница не найдена | Файл S:\laragon\www\shop\core\vvt\Router.php | Строка 63
[2026-05-19 14:55:20] Текст ошибки Страница не найдена | Файл S:\laragon\www\shop\core\vvt\Router.php | Строка 63
[2026-05-19 14:55:20] Текст ошибки Страница не найдена | Файл S:\laragon\www\shop\core\vvt\Router.php | Строка 63
[2026-05-19 14:55:20] Текст ошибки Страница не найдена | Файл S:\laragon\www\shop\core\vvt\Router.php | Строка 63
[2026-05-19 14:55:20] Текст ошибки Страница не найдена | Файл S:\laragon\www\shop\core\vvt\Router.php | Строка 63
[2026-05-19 14:55:20] Текст ошибки Страница не найдена | Файл S:\laragon\www\shop\core\vvt\Router.php | Строка 63
[2026-05-19 14:55:20] Текст ошибки Страница не найдена | Файл S:\laragon\www\shop\core\vvt\Router.php | Строка 63
[2026-05-19 14:55:21] Текст ошибки Страница не найдена | Файл S:\laragon\www\shop\core\vvt\Router.php | Строка 63
[2026-05-19 14:55:21] Текст ошибки Страница не найдена | Файл S:\laragon\www\shop\core\vvt\Router.php | Строка 63
[2026-05-19 14:55:21] Текст ошибки Страница не найдена | Файл S:\laragon\www\shop\core\vvt\Router.php | Строка 63
[2026-05-19 14:57:58] Текст ошибки Страница не найдена | Файл S:\laragon\www\shop\core\vvt\Router.php | Строка 63
[2026-05-19 16:41:44] Текст ошибки Страница не найдена | Файл S:\laragon\www\shop\core\vvt\Router.php | Строка 63
[2026-05-19 21:09:35] Текст ошибки app\controllers\AppController::__construct() has #[\Override] attribute, but no matching parent method exists | Файл S:\laragon\www\shop\app\controllers\AppController.php | Строка 10
[2026-05-19 21:09:35] Текст ошибки Страница не найдена | Файл S:\laragon\www\shop\core\vvt\Router.php | Строка 63
[2026-05-19 21:17:43] Текст ошибки app\controllers\AppController::__construct() has #[\Override] attribute, but no matching parent method exists | Файл S:\laragon\www\shop\app\controllers\AppController.php | Строка 10
[2026-05-19 21:18:38] Текст ошибки app\controllers\AppController::__construct() has #[\Override] attribute, but no matching parent method exists | Файл S:\laragon\www\shop\app\controllers\AppController.php | Строка 10
[2026-05-19 21:18:38] Текст ошибки Страница не найдена | Файл S:\laragon\www\shop\core\vvt\Router.php | Строка 63
[2026-05-20 05:24:50] Текст ошибки Страница не найдена | Файл S:\laragon\www\shop\core\vvt\Router.php | Строка 63
[2026-05-20 05:24:56] Текст ошибки Страница не найдена | Файл S:\laragon\www\shop\core\vvt\Router.php | Строка 63
[2026-05-20 05:24:56] Текст ошибки Страница не найдена | Файл S:\laragon\www\shop\core\vvt\Router.php | Строка 63
[2026-05-20 05:24:56] Текст ошибки Страница не найдена | Файл S:\laragon\www\shop\core\vvt\Router.php | Строка 63
[2026-05-20 05:24:56] Текст ошибки Страница не найдена | Файл S:\laragon\www\shop\core\vvt\Router.php | Строка 63
[2026-05-20 05:26:33] Текст ошибки Страница не найдена | Файл S:\laragon\www\shop\core\vvt\Router.php | Строка 63
[2026-05-20 05:26:33] Текст ошибки Страница не найдена | Файл S:\laragon\www\shop\core\vvt\Router.php | Строка 63
[2026-05-20 05:26:33] Текст ошибки Страница не найдена | Файл S:\laragon\www\shop\core\vvt\Router.php | Строка 63
[2026-05-20 05:26:33] Текст ошибки Страница не найдена | Файл S:\laragon\www\shop\core\vvt\Router.php | Строка 63
[2026-05-20 05:27:26] Текст ошибки Страница не найдена | Файл S:\laragon\www\shop\core\vvt\Router.php | Строка 63
[2026-05-20 05:27:26] Текст ошибки Страница не найдена | Файл S:\laragon\www\shop\core\vvt\Router.php | Строка 63
[2026-05-20 05:27:26] Текст ошибки Страница не найдена | Файл S:\laragon\www\shop\core\vvt\Router.php | Строка 63
[2026-05-20 05:27:27] Текст ошибки Страница не найдена | Файл S:\laragon\www\shop\core\vvt\Router.php | Строка 63
[2026-05-20 05:27:37] Текст ошибки Страница не найдена | Файл S:\laragon\www\shop\core\vvt\Router.php | Строка 63
[2026-05-20 05:27:37] Текст ошибки Страница не найдена | Файл S:\laragon\www\shop\core\vvt\Router.php | Строка 63
[2026-05-20 05:27:37] Текст ошибки Страница не найдена | Файл S:\laragon\www\shop\core\vvt\Router.php | Строка 63
[2026-05-20 05:27:37] Текст ошибки Страница не найдена | Файл S:\laragon\www\shop\core\vvt\Router.php | Строка 63
[2026-05-20 05:28:06] Текст ошибки Страница не найдена | Файл S:\laragon\www\shop\core\vvt\Router.php | Строка 63
[2026-05-20 05:28:06] Текст ошибки Страница не найдена | Файл S:\laragon\www\shop\core\vvt\Router.php | Строка 63
[2026-05-20 05:28:06] Текст ошибки Страница не найдена | Файл S:\laragon\www\shop\core\vvt\Router.php | Строка 63
[2026-05-20 05:28:08] Текст ошибки Страница не найдена | Файл S:\laragon\www\shop\core\vvt\Router.php | Строка 63
[2026-05-20 05:28:08] Текст ошибки Страница не найдена | Файл S:\laragon\www\shop\core\vvt\Router.php | Строка 63
[2026-05-20 05:28:08] Текст ошибки Страница не найдена | Файл S:\laragon\www\shop\core\vvt\Router.php | Строка 63
[2026-05-20 05:28:09] Текст ошибки Страница не найдена | Файл S:\laragon\www\shop\core\vvt\Router.php | Строка 63
[2026-05-20 05:28:12] Текст ошибки Страница не найдена | Файл S:\laragon\www\shop\core\vvt\Router.php | Строка 63
[2026-05-20 05:28:12] Текст ошибки Страница не найдена | Файл S:\laragon\www\shop\core\vvt\Router.php | Строка 63
[2026-05-20 05:28:12] Текст ошибки Страница не найдена | Файл S:\laragon\www\shop\core\vvt\Router.php | Строка 63
[2026-05-20 05:28:12] Текст ошибки Страница не найдена | Файл S:\laragon\www\shop\core\vvt\Router.php | Строка 63
[2026-05-20 05:28:23] Текст ошибки Страница не найдена | Файл S:\laragon\www\shop\core\vvt\Router.php | Строка 63
[2026-05-20 05:28:23] Текст ошибки Страница не найдена | Файл S:\laragon\www\shop\core\vvt\Router.php | Строка 63
[2026-05-20 05:28:23] Текст ошибки Страница не найдена | Файл S:\laragon\www\shop\core\vvt\Router.php | Строка 63
[2026-05-20 05:28:24] Текст ошибки Страница не найдена | Файл S:\laragon\www\shop\core\vvt\Router.php | Строка 63
[2026-05-20 05:28:39] Текст ошибки Страница не найдена | Файл S:\laragon\www\shop\core\vvt\Router.php | Строка 63
[2026-05-20 05:28:39] Текст ошибки Страница не найдена | Файл S:\laragon\www\shop\core\vvt\Router.php | Строка 63
[2026-05-20 05:28:39] Текст ошибки Страница не найдена | Файл S:\laragon\www\shop\core\vvt\Router.php | Строка 63
[2026-05-20 05:28:39] Текст ошибки Страница не найдена | Файл S:\laragon\www\shop\core\vvt\Router.php | Строка 63
[2026-05-20 05:28:50] Текст ошибки Страница не найдена | Файл S:\laragon\www\shop\core\vvt\Router.php | Строка 63
[2026-05-20 05:28:50] Текст ошибки Страница не найдена | Файл S:\laragon\www\shop\core\vvt\Router.php | Строка 63
[2026-05-20 05:28:50] Текст ошибки Страница не найдена | Файл S:\laragon\www\shop\core\vvt\Router.php | Строка 63
[2026-05-20 05:28:50] Текст ошибки Страница не найдена | Файл S:\laragon\www\shop\core\vvt\Router.php | Строка 63
[2026-05-20 05:31:03] Текст ошибки Страница не найдена | Файл S:\laragon\www\shop\core\vvt\Router.php | Строка 63
[2026-05-20 05:31:03] Текст ошибки Страница не найдена | Файл S:\laragon\www\shop\core\vvt\Router.php | Строка 63
[2026-05-20 05:31:03] Текст ошибки Страница не найдена | Файл S:\laragon\www\shop\core\vvt\Router.php | Строка 63
[2026-05-20 05:31:03] Текст ошибки Страница не найдена | Файл S:\laragon\www\shop\core\vvt\Router.php | Строка 63
[2026-05-20 05:31:20] Текст ошибки Страница не найдена | Файл S:\laragon\www\shop\core\vvt\Router.php | Строка 63
[2026-05-20 05:31:20] Текст ошибки Страница не найдена | Файл S:\laragon\www\shop\core\vvt\Router.php | Строка 63
[2026-05-20 05:31:20] Текст ошибки Страница не найдена | Файл S:\laragon\www\shop\core\vvt\Router.php | Строка 63
[2026-05-20 05:40:48] Текст ошибки Undefined variable $slides | Файл S:\laragon\www\shop\app\views\Template-parts\slider.php | Строка 7
[2026-05-20 05:42:29] Текст ошибки Undefined property: vvt\View::$data | Файл S:\laragon\www\shop\app\views\Template-parts\slider.php | Строка 2
[2026-05-20 05:43:57] Текст ошибки Undefined property: vvt\View::$data | Файл S:\laragon\www\shop\app\views\Main\index.php | Строка 1
[2026-05-20 05:43:57] Текст ошибки Страница не найдена | Файл S:\laragon\www\shop\core\vvt\Router.php | Строка 63
[2026-05-20 11:42:01] Текст ошибки Typed property vvt\Controller::$model must not be accessed before initialization | Файл S:\laragon\www\shop\app\controllers\MainController.php | Строка 15
[2026-05-20 11:42:01] Текст ошибки Страница не найдена | Файл S:\laragon\www\shop\core\vvt\Router.php | Строка 63
[2026-05-20 11:46:40] Текст ошибки Undefined variable $names | Файл S:\laragon\www\shop\app\views\Layouts\myShop.php | Строка 8
[2026-05-20 11:46:41] Текст ошибки Страница не найдена | Файл S:\laragon\www\shop\core\vvt\Router.php | Строка 63
[2026-05-20 11:46:55] Текст ошибки Undefined variable $names | Файл S:\laragon\www\shop\app\views\Layouts\myShop.php | Строка 8
[2026-05-20 11:46:57] Текст ошибки Undefined variable $names | Файл S:\laragon\www\shop\app\views\Layouts\myShop.php | Строка 8
[2026-05-20 11:46:57] Текст ошибки Страница не найдена | Файл S:\laragon\www\shop\core\vvt\Router.php | Строка 63
[2026-05-20 11:48:27] Текст ошибки Страница не найдена | Файл S:\laragon\www\shop\core\vvt\Router.php | Строка 63
[2026-05-20 11:51:19] Текст ошибки Страница не найдена | Файл S:\laragon\www\shop\core\vvt\Router.php | Строка 63
[2026-05-20 11:55:22] Текст ошибки Страница не найдена | Файл S:\laragon\www\shop\core\vvt\Router.php | Строка 63
[2026-05-20 11:55:50] Текст ошибки Страница не найдена | Файл S:\laragon\www\shop\core\vvt\Router.php | Строка 63
[2026-05-20 11:56:14] Текст ошибки Страница не найдена | Файл S:\laragon\www\shop\core\vvt\Router.php | Строка 63
[2026-05-20 12:56:31] Текст ошибки Страница не найдена | Файл S:\laragon\www\shop\core\vvt\Router.php | Строка 63
[2026-05-20 12:56:32] Текст ошибки Страница не найдена | Файл S:\laragon\www\shop\core\vvt\Router.php | Строка 63
[2026-05-20 12:56:35] Текст ошибки Страница не найдена | Файл S:\laragon\www\shop\core\vvt\Router.php | Строка 63
[2026-05-20 13:00:24] Текст ошибки Страница не найдена | Файл S:\laragon\www\shop\core\vvt\Router.php | Строка 63
[2026-05-20 13:00:24] Текст ошибки Страница не найдена | Файл S:\laragon\www\shop\core\vvt\Router.php | Строка 63
[2026-05-20 13:00:24] Текст ошибки Страница не найдена | Файл S:\laragon\www\shop\core\vvt\Router.php | Строка 63
[2026-05-20 13:00:53] Текст ошибки Страница не найдена | Файл S:\laragon\www\shop\core\vvt\Router.php | Строка 63
[2026-05-20 13:00:53] Текст ошибки Страница не найдена | Файл S:\laragon\www\shop\core\vvt\Router.php | Строка 63
[2026-05-22 14:49:02] Текст ошибки SQLSTATE[42000]: Syntax error or access violation: 1064 You have an error in your SQL syntax; check the manual that corresponds to your MySQL server version for the right syntax to use near '== product_id 
        WHERE p.status = 1 AND p.hit = 1 AND pd.language_id = 1 ' at line 1 | Файл S:\laragon\www\shop\vendor\gabordemooij\redbean\RedBeanPHP\Driver\RPDO.php | Строка 206
[2026-05-22 14:49:02] Текст ошибки Страница не найдена | Файл S:\laragon\www\shop\core\vvt\Router.php | Строка 63
[2026-05-22 14:49:33] Текст ошибки SQLSTATE[42000]: Syntax error or access violation: 1064 You have an error in your SQL syntax; check the manual that corresponds to your MySQL server version for the right syntax to use near '= 3' at line 2 | Файл S:\laragon\www\shop\vendor\gabordemooij\redbean\RedBeanPHP\Driver\RPDO.php | Строка 206
[2026-05-22 14:52:15] Текст ошибки SQLSTATE[42000]: Syntax error or access violation: 1064 You have an error in your SQL syntax; check the manual that corresponds to your MySQL server version for the right syntax to use near '= 3' at line 2 | Файл S:\laragon\www\shop\vendor\gabordemooij\redbean\RedBeanPHP\Driver\RPDO.php | Строка 206
[2026-05-22 14:52:20] Текст ошибки SQLSTATE[42000]: Syntax error or access violation: 1064 You have an error in your SQL syntax; check the manual that corresponds to your MySQL server version for the right syntax to use near '= 3' at line 2 | Файл S:\laragon\www\shop\vendor\gabordemooij\redbean\RedBeanPHP\Driver\RPDO.php | Строка 206
[2026-05-22 14:52:21] Текст ошибки Страница не найдена | Файл S:\laragon\www\shop\core\vvt\Router.php | Строка 63
[2026-05-22 14:59:25] Текст ошибки Undefined array key "excert" | Файл S:\laragon\www\shop\app\views\Main\index.php | Строка 49
[2026-05-22 14:59:25] Текст ошибки Страница не найдена | Файл S:\laragon\www\shop\core\vvt\Router.php | Строка 63
[2026-05-22 14:59:38] Текст ошибки Undefined array key "excert" | Файл S:\laragon\www\shop\app\views\Main\index.php | Строка 49
[2026-05-22 14:59:38] Текст ошибки Страница не найдена | Файл S:\laragon\www\shop\core\vvt\Router.php | Строка 63
[2026-05-22 14:59:53] Текст ошибки Страница не найдена | Файл S:\laragon\www\shop\core\vvt\Router.php | Строка 63
[2026-05-22 15:02:08] Текст ошибки Страница не найдена | Файл S:\laragon\www\shop\core\vvt\Router.php | Строка 63
[2026-05-22 15:02:20] Текст ошибки Страница не найдена | Файл S:\laragon\www\shop\core\vvt\Router.php | Строка 63
[2026-05-22 15:04:40] Текст ошибки Страница не найдена | Файл S:\laragon\www\shop\core\vvt\Router.php | Строка 63
[2026-05-22 15:05:33] Текст ошибки Страница не найдена | Файл S:\laragon\www\shop\core\vvt\Router.php | Строка 63
[2026-05-22 15:06:07] Текст ошибки Страница не найдена | Файл S:\laragon\www\shop\core\vvt\Router.php | Строка 63
[2026-05-22 15:06:33] Текст ошибки Страница не найдена | Файл S:\laragon\www\shop\core\vvt\Router.php | Строка 63
[2026-05-22 15:06:33] Текст ошибки Страница не найдена | Файл S:\laragon\www\shop\core\vvt\Router.php | Строка 63
[2026-05-22 15:06:54] Текст ошибки Страница не найдена | Файл S:\laragon\www\shop\core\vvt\Router.php | Строка 63
[2026-05-22 15:06:54] Текст ошибки Страница не найдена | Файл S:\laragon\www\shop\core\vvt\Router.php | Строка 63
[2026-05-22 15:08:49] Текст ошибки Страница не найдена | Файл S:\laragon\www\shop\core\vvt\Router.php | Строка 63
[2026-05-22 15:08:49] Текст ошибки Страница не найдена | Файл S:\laragon\www\shop\core\vvt\Router.php | Строка 63
[2026-05-22 16:12:05] Текст ошибки Страница не найдена | Файл S:\laragon\www\shop\core\vvt\Router.php | Строка 63
[2026-05-22 16:12:05] Текст ошибки Страница не найдена | Файл S:\laragon\www\shop\core\vvt\Router.php | Строка 63
[2026-05-22 16:12:05] Текст ошибки Страница не найдена | Файл S:\laragon\www\shop\core\vvt\Router.php | Строка 63
[2026-05-22 16:12:47] Текст ошибки Страница не найдена | Файл S:\laragon\www\shop\core\vvt\Router.php | Строка 63
[2026-05-22 16:12:47] Текст ошибки Страница не найдена | Файл S:\laragon\www\shop\core\vvt\Router.php | Строка 63
[2026-05-22 17:39:25] Текст ошибки Undefined variable $products | Файл S:\laragon\www\shop\app\views\Template-parts\products_loop.php | Строка 6
[2026-05-22 17:42:00] Текст ошибки Undefined variable $products | Файл S:\laragon\www\shop\app\views\Template-parts\products_loop.php | Строка 6
[2026-05-22 17:43:03] Текст ошибки Undefined variable $products | Файл S:\laragon\www\shop\app\views\Template-parts\products_loop.php | Строка 6
[2026-05-22 17:43:06] Текст ошибки Undefined variable $products | Файл S:\laragon\www\shop\app\views\Template-parts\products_loop.php | Строка 6
[2026-05-22 17:43:06] Текст ошибки Страница не найдена | Файл S:\laragon\www\shop\core\vvt\Router.php | Строка 63
[2026-05-22 17:44:37] Текст ошибки Undefined variable $products | Файл S:\laragon\www\shop\app\views\Template-parts\products_loop.php | Строка 6
[2026-05-22 17:45:07] Текст ошибки Undefined variable $products | Файл S:\laragon\www\shop\app\views\Template-parts\products_loop.php | Строка 6
[2026-05-22 17:45:07] Текст ошибки Страница не найдена | Файл S:\laragon\www\shop\core\vvt\Router.php | Строка 63
<<<<<<< HEAD
[2026-05-27 06:57:05] Текст ошибки Страница не найдена | Файл S:\laragon\www\shop\core\vvt\Router.php | Строка 63
[2026-05-27 06:57:06] Текст ошибки Страница не найдена | Файл S:\laragon\www\shop\core\vvt\Router.php | Строка 63
[2026-05-27 06:57:25] Текст ошибки Страница не найдена | Файл S:\laragon\www\shop\core\vvt\Router.php | Строка 63
[2026-05-27 06:57:25] Текст ошибки Страница не найдена | Файл S:\laragon\www\shop\core\vvt\Router.php | Строка 63
[2026-05-27 06:59:16] Текст ошибки Страница не найдена | Файл S:\laragon\www\shop\core\vvt\Router.php | Строка 63
[2026-05-27 06:59:27] Текст ошибки Страница не найдена | Файл S:\laragon\www\shop\core\vvt\Router.php | Строка 63
[2026-05-27 07:00:31] Текст ошибки Страница не найдена | Файл S:\laragon\www\shop\core\vvt\Router.php | Строка 63
[2026-05-27 07:02:24] Текст ошибки Страница не найдена | Файл S:\laragon\www\shop\core\vvt\Router.php | Строка 64
[2026-05-27 07:04:13] Текст ошибки Страница не найдена | Файл S:\laragon\www\shop\core\vvt\Router.php | Строка 64
[2026-05-27 07:07:14] Текст ошибки Метод app\controllers\ProductController::iphoneAction не найден | Файл S:\laragon\www\shop\core\vvt\Router.php | Строка 81
[2026-05-27 07:07:14] Текст ошибки Страница не найдена | Файл S:\laragon\www\shop\core\vvt\Router.php | Строка 63
[2026-05-27 07:07:40] Текст ошибки Страница не найдена | Файл S:\laragon\www\shop\core\vvt\Router.php | Строка 63
[2026-05-27 07:11:55] Текст ошибки Страница не найдена | Файл S:\laragon\www\shop\core\vvt\Router.php | Строка 63
[2026-05-27 07:12:00] Текст ошибки Метод app\controllers\ProductController::iphoneAction не найден | Файл S:\laragon\www\shop\core\vvt\Router.php | Строка 81
[2026-05-27 07:27:10] Текст ошибки Undefined array key "controller" | Файл S:\laragon\www\shop\core\vvt\Router.php | Строка 52
[2026-05-27 07:27:36] Текст ошибки Не найден вид S:\laragon\www\shop/app/views/Product/view.php | Файл S:\laragon\www\shop\core\vvt\View.php | Строка 37
[2026-05-27 07:28:08] Текст ошибки Call to a member function getDatabase() on null | Файл S:\laragon\www\shop\core\vvt\View.php | Строка 59
[2026-05-27 07:30:01] Текст ошибки Страница не найдена | Файл S:\laragon\www\shop\core\vvt\Router.php | Строка 63
[2026-05-27 07:30:02] Текст ошибки Страница не найдена | Файл S:\laragon\www\shop\core\vvt\Router.php | Строка 63
[2026-05-27 07:30:02] Текст ошибки Страница не найдена | Файл S:\laragon\www\shop\core\vvt\Router.php | Строка 63
[2026-05-27 07:30:06] Текст ошибки Страница не найдена | Файл S:\laragon\www\shop\core\vvt\Router.php | Строка 63
[2026-05-27 07:30:06] Текст ошибки Страница не найдена | Файл S:\laragon\www\shop\core\vvt\Router.php | Строка 63
[2026-05-27 07:30:57] Текст ошибки Страница не найдена | Файл S:\laragon\www\shop\core\vvt\Router.php | Строка 63
[2026-05-27 07:30:57] Текст ошибки Страница не найдена | Файл S:\laragon\www\shop\core\vvt\Router.php | Строка 63
[2026-05-27 07:30:57] Текст ошибки Страница не найдена | Файл S:\laragon\www\shop\core\vvt\Router.php | Строка 63
[2026-05-27 07:30:57] Текст ошибки Страница не найдена | Файл S:\laragon\www\shop\core\vvt\Router.php | Строка 63
[2026-05-27 07:30:57] Текст ошибки Страница не найдена | Файл S:\laragon\www\shop\core\vvt\Router.php | Строка 63
[2026-05-27 07:31:03] Текст ошибки Страница не найдена | Файл S:\laragon\www\shop\core\vvt\Router.php | Строка 63
[2026-05-27 07:31:05] Текст ошибки Страница не найдена | Файл S:\laragon\www\shop\core\vvt\Router.php | Строка 63
[2026-05-27 07:31:31] Текст ошибки Страница не найдена | Файл S:\laragon\www\shop\core\vvt\Router.php | Строка 63
[2026-05-27 07:34:09] Текст ошибки Undefined array key "shop-title" | Файл S:\laragon\www\shop\core\vvt\Registry.php | Строка 17
[2026-05-27 07:46:34] Текст ошибки Class "app\widgets\language\Language" not found | Файл S:\laragon\www\shop\app\controllers\AppController.php | Строка 15
[2026-05-27 07:47:23] Текст ошибки Non-static method app\widgets\language\Language::getLangs() cannot be called statically | Файл S:\laragon\www\shop\app\controllers\AppController.php | Строка 15
[2026-05-27 08:15:56] Текст ошибки Undefined array key "lang" | Файл S:\laragon\www\shop\core\vvt\Router.php | Строка 50
[2026-05-27 08:21:17] Текст ошибки syntax error, unexpected token "}" | Файл S:\laragon\www\shop\app\widgets\language\Language.php | Строка 24
[2026-05-27 08:38:24] Текст ошибки Неизвестный языкfr | Файл S:\laragon\www\shop\app\widgets\language\Language.php | Строка 30
[2026-05-27 08:41:19] Текст ошибки Too few arguments to function app\widgets\language\Language::getLang(), 0 passed in S:\laragon\www\shop\app\controllers\AppController.php on line 19 and exactly 1 expected | Файл S:\laragon\www\shop\app\widgets\language\Language.php | Строка 21
[2026-05-27 12:30:56] Текст ошибки Неизвестный язык dsfasdf | Файл S:\laragon\www\shop\app\widgets\language\Language.php | Строка 35
[2026-05-27 12:33:13] Текст ошибки Неизвестный язык dsfasdf | Файл S:\laragon\www\shop\app\widgets\language\Language.php | Строка 35
[2026-05-27 12:48:34] Текст ошибки syntax error, unexpected end of file | Файл S:\laragon\www\shop\app\widgets\language\lang_tpl.php | Строка 19
[2026-05-27 12:49:26] Текст ошибки Undefined array key "code" | Файл S:\laragon\www\shop\app\widgets\language\lang_tpl.php | Строка 12
[2026-05-27 12:49:30] Текст ошибки Undefined array key "code" | Файл S:\laragon\www\shop\app\widgets\language\lang_tpl.php | Строка 12
[2026-05-27 12:50:22] Текст ошибки Undefined array key "code" | Файл S:\laragon\www\shop\app\widgets\language\lang_tpl.php | Строка 12
[2026-05-27 12:50:28] Текст ошибки Undefined array key "code" | Файл S:\laragon\www\shop\app\widgets\language\lang_tpl.php | Строка 12
[2026-05-27 12:50:28] Текст ошибки Undefined array key "code" | Файл S:\laragon\www\shop\app\widgets\language\lang_tpl.php | Строка 12
[2026-05-27 12:56:30] Текст ошибки Cannot access offset of type string on string | Файл S:\laragon\www\shop\app\widgets\language\lang_tpl.php | Строка 15
[2026-05-27 12:57:43] Текст ошибки Страница не найдена | Файл S:\laragon\www\shop\core\vvt\Router.php | Строка 64
[2026-05-27 12:57:43] Текст ошибки Страница не найдена | Файл S:\laragon\www\shop\core\vvt\Router.php | Строка 64
=======
[2026-05-22 20:35:50] Текст ошибки Страница не найдена | Файл S:\laragon\www\shop\core\vvt\Router.php | Строка 63
[2026-05-22 20:35:50] Текст ошибки Страница не найдена | Файл S:\laragon\www\shop\core\vvt\Router.php | Строка 63
[2026-05-22 20:35:55] Текст ошибки Страница не найдена | Файл S:\laragon\www\shop\core\vvt\Router.php | Строка 63
[2026-05-22 20:35:56] Текст ошибки Контроллер app\controllers\ProductController не найден | Файл S:\laragon\www\shop\core\vvt\Router.php | Строка 71
[2026-05-23 16:09:43] Текст ошибки compact(): Undefined variable $1 | Файл S:\laragon\www\shop\app\views\Main\index.php | Строка 43
[2026-05-23 16:09:43] Текст ошибки Страница не найдена | Файл S:\laragon\www\shop\core\vvt\Router.php | Строка 63
[2026-05-23 18:21:51] Текст ошибки Call to a member function getDatabase() on null | Файл S:\laragon\www\shop\core\vvt\View.php | Строка 59
[2026-05-23 18:24:56] Текст ошибки Страница не найдена | Файл S:\laragon\www\shop\core\vvt\Router.php | Строка 63
[2026-05-23 18:33:48] Текст ошибки Call to a member function getDatabase() on null | Файл S:\laragon\www\shop\core\vvt\View.php | Строка 59
[2026-05-23 18:35:11] Текст ошибки Call to a member function getDatabase() on null | Файл S:\laragon\www\shop\core\vvt\View.php | Строка 59
[2026-05-23 18:35:13] Текст ошибки Call to a member function getDatabase() on null | Файл S:\laragon\www\shop\core\vvt\View.php | Строка 59
[2026-05-23 18:44:33] Текст ошибки Страница не найдена | Файл S:\laragon\www\shop\core\vvt\Router.php | Строка 63
[2026-05-23 18:44:34] Текст ошибки Страница не найдена | Файл S:\laragon\www\shop\core\vvt\Router.php | Строка 63
[2026-05-23 18:44:35] Текст ошибки Страница не найдена | Файл S:\laragon\www\shop\core\vvt\Router.php | Строка 63
[2026-05-23 18:44:35] Текст ошибки Страница не найдена | Файл S:\laragon\www\shop\core\vvt\Router.php | Строка 63
[2026-05-23 18:44:35] Текст ошибки Страница не найдена | Файл S:\laragon\www\shop\core\vvt\Router.php | Строка 63
[2026-05-23 18:46:54] Текст ошибки Страница не найдена | Файл S:\laragon\www\shop\core\vvt\Router.php | Строка 63
[2026-05-23 18:46:54] Текст ошибки Страница не найдена | Файл S:\laragon\www\shop\core\vvt\Router.php | Строка 63
[2026-05-23 18:46:54] Текст ошибки Страница не найдена | Файл S:\laragon\www\shop\core\vvt\Router.php | Строка 63
[2026-05-23 18:46:54] Текст ошибки Страница не найдена | Файл S:\laragon\www\shop\core\vvt\Router.php | Строка 63
[2026-05-23 18:46:55] Текст ошибки Страница не найдена | Файл S:\laragon\www\shop\core\vvt\Router.php | Строка 63
[2026-05-23 18:47:48] Текст ошибки Страница не найдена | Файл S:\laragon\www\shop\core\vvt\Router.php | Строка 63
[2026-05-23 18:47:48] Текст ошибки Страница не найдена | Файл S:\laragon\www\shop\core\vvt\Router.php | Строка 63
[2026-05-23 18:47:48] Текст ошибки Страница не найдена | Файл S:\laragon\www\shop\core\vvt\Router.php | Строка 63
[2026-05-23 18:47:48] Текст ошибки Страница не найдена | Файл S:\laragon\www\shop\core\vvt\Router.php | Строка 63
[2026-05-23 18:47:48] Текст ошибки Страница не найдена | Файл S:\laragon\www\shop\core\vvt\Router.php | Строка 63
[2026-05-23 18:47:53] Текст ошибки Страница не найдена | Файл S:\laragon\www\shop\core\vvt\Router.php | Строка 63
[2026-05-23 18:47:53] Текст ошибки Страница не найдена | Файл S:\laragon\www\shop\core\vvt\Router.php | Строка 63
[2026-05-23 18:47:53] Текст ошибки Страница не найдена | Файл S:\laragon\www\shop\core\vvt\Router.php | Строка 63
[2026-05-23 18:47:53] Текст ошибки Страница не найдена | Файл S:\laragon\www\shop\core\vvt\Router.php | Строка 63
[2026-05-23 18:47:54] Текст ошибки Страница не найдена | Файл S:\laragon\www\shop\core\vvt\Router.php | Строка 63
[2026-05-23 19:03:05] Текст ошибки Страница не найдена | Файл S:\laragon\www\shop\core\vvt\Router.php | Строка 63
[2026-05-23 19:03:05] Текст ошибки Страница не найдена | Файл S:\laragon\www\shop\core\vvt\Router.php | Строка 63
[2026-05-23 19:03:05] Текст ошибки Страница не найдена | Файл S:\laragon\www\shop\core\vvt\Router.php | Строка 63
[2026-05-23 19:03:05] Текст ошибки Страница не найдена | Файл S:\laragon\www\shop\core\vvt\Router.php | Строка 63
[2026-05-23 19:03:06] Текст ошибки Страница не найдена | Файл S:\laragon\www\shop\core\vvt\Router.php | Строка 63
[2026-05-23 19:25:09] Текст ошибки Страница не найдена | Файл S:\laragon\www\shop\core\vvt\Router.php | Строка 63
[2026-05-23 19:25:09] Текст ошибки Страница не найдена | Файл S:\laragon\www\shop\core\vvt\Router.php | Строка 63
[2026-05-23 19:25:09] Текст ошибки Страница не найдена | Файл S:\laragon\www\shop\core\vvt\Router.php | Строка 63
[2026-05-23 19:25:10] Текст ошибки Страница не найдена | Файл S:\laragon\www\shop\core\vvt\Router.php | Строка 63
[2026-05-23 19:25:10] Текст ошибки Страница не найдена | Файл S:\laragon\www\shop\core\vvt\Router.php | Строка 63
[2026-05-24 20:10:31] Текст ошибки Страница не найдена | Файл S:\laragon\www\shop\core\vvt\Router.php | Строка 63
[2026-05-24 20:10:32] Текст ошибки Страница не найдена | Файл S:\laragon\www\shop\core\vvt\Router.php | Строка 63
[2026-05-24 20:10:32] Текст ошибки Страница не найдена | Файл S:\laragon\www\shop\core\vvt\Router.php | Строка 63
[2026-05-24 20:10:32] Текст ошибки Страница не найдена | Файл S:\laragon\www\shop\core\vvt\Router.php | Строка 63
[2026-05-24 20:10:32] Текст ошибки Страница не найдена | Файл S:\laragon\www\shop\core\vvt\Router.php | Строка 63
[2026-05-24 20:33:56] Текст ошибки SQLSTATE[42S02]: Base table or view not found: 1146 Table 'shop.language' doesn't exist | Файл S:\laragon\www\shop\vendor\gabordemooij\redbean\RedBeanPHP\Driver\RPDO.php | Строка 206
[2026-05-24 20:33:56] Текст ошибки Страница не найдена | Файл S:\laragon\www\shop\core\vvt\Router.php | Строка 63
[2026-05-24 20:34:32] Текст ошибки Страница не найдена | Файл S:\laragon\www\shop\core\vvt\Router.php | Строка 63
[2026-05-24 20:34:32] Текст ошибки Страница не найдена | Файл S:\laragon\www\shop\core\vvt\Router.php | Строка 63
[2026-05-24 20:34:32] Текст ошибки Страница не найдена | Файл S:\laragon\www\shop\core\vvt\Router.php | Строка 63
[2026-05-24 20:34:32] Текст ошибки Страница не найдена | Файл S:\laragon\www\shop\core\vvt\Router.php | Строка 63
[2026-05-24 20:34:32] Текст ошибки Страница не найдена | Файл S:\laragon\www\shop\core\vvt\Router.php | Строка 63
[2026-05-24 20:35:58] Текст ошибки Страница не найдена | Файл S:\laragon\www\shop\core\vvt\Router.php | Строка 63
[2026-05-24 20:35:58] Текст ошибки Страница не найдена | Файл S:\laragon\www\shop\core\vvt\Router.php | Строка 63
[2026-05-24 20:35:58] Текст ошибки Страница не найдена | Файл S:\laragon\www\shop\core\vvt\Router.php | Строка 63
[2026-05-24 20:35:58] Текст ошибки Страница не найдена | Файл S:\laragon\www\shop\core\vvt\Router.php | Строка 63
[2026-05-24 20:35:59] Текст ошибки Страница не найдена | Файл S:\laragon\www\shop\core\vvt\Router.php | Строка 63
[2026-05-24 20:50:35] Текст ошибки Страница не найдена | Файл S:\laragon\www\shop\core\vvt\Router.php | Строка 63
[2026-05-24 20:50:35] Текст ошибки Страница не найдена | Файл S:\laragon\www\shop\core\vvt\Router.php | Строка 63
[2026-05-24 20:50:35] Текст ошибки Страница не найдена | Файл S:\laragon\www\shop\core\vvt\Router.php | Строка 63
[2026-05-24 20:50:36] Текст ошибки Страница не найдена | Файл S:\laragon\www\shop\core\vvt\Router.php | Строка 63
[2026-05-24 20:50:36] Текст ошибки Страница не найдена | Файл S:\laragon\www\shop\core\vvt\Router.php | Строка 63
[2026-05-24 20:50:46] Текст ошибки vvt\Registry::setProperty(): Argument #2 ($value) must be of type array, string given, called in S:\laragon\www\shop\core\vvt\App.php on line 29 | Файл S:\laragon\www\shop\core\vvt\Registry.php | Строка 11
[2026-05-24 20:51:28] Текст ошибки Страница не найдена | Файл S:\laragon\www\shop\core\vvt\Router.php | Строка 63
[2026-05-24 20:51:28] Текст ошибки Страница не найдена | Файл S:\laragon\www\shop\core\vvt\Router.php | Строка 63
[2026-05-24 20:51:28] Текст ошибки Страница не найдена | Файл S:\laragon\www\shop\core\vvt\Router.php | Строка 63
[2026-05-24 20:51:28] Текст ошибки Страница не найдена | Файл S:\laragon\www\shop\core\vvt\Router.php | Строка 63
[2026-05-24 20:51:29] Текст ошибки Страница не найдена | Файл S:\laragon\www\shop\core\vvt\Router.php | Строка 63
[2026-05-24 20:52:08] Текст ошибки Страница не найдена | Файл S:\laragon\www\shop\core\vvt\Router.php | Строка 63
[2026-05-24 20:52:08] Текст ошибки Страница не найдена | Файл S:\laragon\www\shop\core\vvt\Router.php | Строка 63
[2026-05-24 20:52:08] Текст ошибки Страница не найдена | Файл S:\laragon\www\shop\core\vvt\Router.php | Строка 63
[2026-05-24 20:52:08] Текст ошибки Страница не найдена | Файл S:\laragon\www\shop\core\vvt\Router.php | Строка 63
[2026-05-24 20:52:09] Текст ошибки Страница не найдена | Файл S:\laragon\www\shop\core\vvt\Router.php | Строка 63
[2026-05-24 20:52:42] Текст ошибки Страница не найдена | Файл S:\laragon\www\shop\core\vvt\Router.php | Строка 63
[2026-05-24 20:52:42] Текст ошибки Страница не найдена | Файл S:\laragon\www\shop\core\vvt\Router.php | Строка 63
[2026-05-24 20:52:42] Текст ошибки Страница не найдена | Файл S:\laragon\www\shop\core\vvt\Router.php | Строка 63
[2026-05-24 20:52:42] Текст ошибки Страница не найдена | Файл S:\laragon\www\shop\core\vvt\Router.php | Строка 63
[2026-05-24 20:52:43] Текст ошибки Страница не найдена | Файл S:\laragon\www\shop\core\vvt\Router.php | Строка 63
[2026-05-25 16:16:52] Текст ошибки Страница не найдена | Файл S:\laragon\www\shop\core\vvt\Router.php | Строка 63
[2026-05-25 17:12:42] Текст ошибки Страница не найдена | Файл S:\laragon\www\shop\core\vvt\Router.php | Строка 63
[2026-05-25 17:12:43] Текст ошибки Страница не найдена | Файл S:\laragon\www\shop\core\vvt\Router.php | Строка 63
[2026-05-25 17:12:43] Текст ошибки Страница не найдена | Файл S:\laragon\www\shop\core\vvt\Router.php | Строка 63
[2026-05-25 17:12:43] Текст ошибки Страница не найдена | Файл S:\laragon\www\shop\core\vvt\Router.php | Строка 63
[2026-05-25 17:16:35] Текст ошибки Страница не найдена | Файл S:\laragon\www\shop\core\vvt\Router.php | Строка 64
[2026-05-25 17:16:35] Текст ошибки Страница не найдена | Файл S:\laragon\www\shop\core\vvt\Router.php | Строка 64
[2026-05-25 17:16:35] Текст ошибки Страница не найдена | Файл S:\laragon\www\shop\core\vvt\Router.php | Строка 64
[2026-05-25 17:16:36] Текст ошибки Страница не найдена | Файл S:\laragon\www\shop\core\vvt\Router.php | Строка 64
[2026-05-25 17:16:36] Текст ошибки Страница не найдена | Файл S:\laragon\www\shop\core\vvt\Router.php | Строка 64
[2026-05-25 17:18:04] Текст ошибки Страница не найдена | Файл S:\laragon\www\shop\core\vvt\Router.php | Строка 63
[2026-05-25 17:18:04] Текст ошибки Страница не найдена | Файл S:\laragon\www\shop\core\vvt\Router.php | Строка 63
[2026-05-25 17:18:05] Текст ошибки Страница не найдена | Файл S:\laragon\www\shop\core\vvt\Router.php | Строка 63
[2026-05-25 17:18:05] Текст ошибки Страница не найдена | Файл S:\laragon\www\shop\core\vvt\Router.php | Строка 63
[2026-05-25 17:18:15] Текст ошибки Страница не найдена | Файл S:\laragon\www\shop\core\vvt\Router.php | Строка 64
[2026-05-25 17:18:15] Текст ошибки Страница не найдена | Файл S:\laragon\www\shop\core\vvt\Router.php | Строка 64
[2026-05-25 17:18:15] Текст ошибки Страница не найдена | Файл S:\laragon\www\shop\core\vvt\Router.php | Строка 64
[2026-05-25 17:18:15] Текст ошибки Страница не найдена | Файл S:\laragon\www\shop\core\vvt\Router.php | Строка 64
[2026-05-25 17:18:15] Текст ошибки Страница не найдена | Файл S:\laragon\www\shop\core\vvt\Router.php | Строка 64
[2026-05-25 17:18:15] Текст ошибки Страница не найдена | Файл S:\laragon\www\shop\core\vvt\Router.php | Строка 64
[2026-05-25 17:19:02] Текст ошибки Страница не найдена | Файл S:\laragon\www\shop\core\vvt\Router.php | Строка 63
[2026-05-25 17:19:02] Текст ошибки Страница не найдена | Файл S:\laragon\www\shop\core\vvt\Router.php | Строка 63
[2026-05-25 17:19:02] Текст ошибки Страница не найдена | Файл S:\laragon\www\shop\core\vvt\Router.php | Строка 63
[2026-05-25 17:19:03] Текст ошибки Страница не найдена | Файл S:\laragon\www\shop\core\vvt\Router.php | Строка 63
[2026-05-25 17:19:03] Текст ошибки Страница не найдена | Файл S:\laragon\www\shop\core\vvt\Router.php | Строка 63
[2026-05-25 17:23:10] Текст ошибки Страница не найдена | Файл S:\laragon\www\shop\core\vvt\Router.php | Строка 63
[2026-05-25 17:23:10] Текст ошибки Страница не найдена | Файл S:\laragon\www\shop\core\vvt\Router.php | Строка 63
[2026-05-25 17:23:10] Текст ошибки Страница не найдена | Файл S:\laragon\www\shop\core\vvt\Router.php | Строка 63
[2026-05-25 17:23:10] Текст ошибки Страница не найдена | Файл S:\laragon\www\shop\core\vvt\Router.php | Строка 63
[2026-05-25 17:23:11] Текст ошибки Страница не найдена | Файл S:\laragon\www\shop\core\vvt\Router.php | Строка 63
[2026-05-25 17:23:12] Текст ошибки Страница не найдена | Файл S:\laragon\www\shop\core\vvt\Router.php | Строка 63
[2026-05-25 17:23:12] Текст ошибки Страница не найдена | Файл S:\laragon\www\shop\core\vvt\Router.php | Строка 63
[2026-05-25 17:23:12] Текст ошибки Страница не найдена | Файл S:\laragon\www\shop\core\vvt\Router.php | Строка 63
[2026-05-25 17:23:12] Текст ошибки Страница не найдена | Файл S:\laragon\www\shop\core\vvt\Router.php | Строка 63
[2026-05-25 17:23:12] Текст ошибки Страница не найдена | Файл S:\laragon\www\shop\core\vvt\Router.php | Строка 63
[2026-05-25 17:23:12] Текст ошибки Страница не найдена | Файл S:\laragon\www\shop\core\vvt\Router.php | Строка 63
[2026-05-25 17:23:18] Текст ошибки Страница не найдена | Файл S:\laragon\www\shop\core\vvt\Router.php | Строка 63
[2026-05-25 17:23:18] Текст ошибки Страница не найдена | Файл S:\laragon\www\shop\core\vvt\Router.php | Строка 63
[2026-05-25 17:23:18] Текст ошибки Страница не найдена | Файл S:\laragon\www\shop\core\vvt\Router.php | Строка 63
[2026-05-25 17:23:19] Текст ошибки Страница не найдена | Файл S:\laragon\www\shop\core\vvt\Router.php | Строка 63
[2026-05-25 17:29:23] Текст ошибки Страница не найдена | Файл S:\laragon\www\shop\core\vvt\Router.php | Строка 63
[2026-05-25 17:29:23] Текст ошибки Страница не найдена | Файл S:\laragon\www\shop\core\vvt\Router.php | Строка 63
[2026-05-25 17:29:23] Текст ошибки Страница не найдена | Файл S:\laragon\www\shop\core\vvt\Router.php | Строка 63
[2026-05-25 17:29:23] Текст ошибки Страница не найдена | Файл S:\laragon\www\shop\core\vvt\Router.php | Строка 63
[2026-05-25 17:29:24] Текст ошибки Страница не найдена | Файл S:\laragon\www\shop\core\vvt\Router.php | Строка 63
[2026-05-25 17:32:29] Текст ошибки Страница не найдена | Файл S:\laragon\www\shop\core\vvt\Router.php | Строка 63
[2026-05-25 17:32:29] Текст ошибки Страница не найдена | Файл S:\laragon\www\shop\core\vvt\Router.php | Строка 63
[2026-05-25 17:32:29] Текст ошибки Страница не найдена | Файл S:\laragon\www\shop\core\vvt\Router.php | Строка 63
[2026-05-25 17:32:29] Текст ошибки Страница не найдена | Файл S:\laragon\www\shop\core\vvt\Router.php | Строка 63
[2026-05-25 17:32:30] Текст ошибки Страница не найдена | Файл S:\laragon\www\shop\core\vvt\Router.php | Строка 63
[2026-05-25 19:18:13] Текст ошибки Страница не найдена | Файл S:\laragon\www\shop\core\vvt\Router.php | Строка 63
[2026-05-25 19:18:13] Текст ошибки Страница не найдена | Файл S:\laragon\www\shop\core\vvt\Router.php | Строка 63
[2026-05-25 19:18:13] Текст ошибки Страница не найдена | Файл S:\laragon\www\shop\core\vvt\Router.php | Строка 63
[2026-05-25 19:18:14] Текст ошибки Страница не найдена | Файл S:\laragon\www\shop\core\vvt\Router.php | Строка 63
[2026-05-25 19:18:14] Текст ошибки Страница не найдена | Файл S:\laragon\www\shop\core\vvt\Router.php | Строка 63
[2026-05-25 19:21:14] Текст ошибки Страница не найдена | Файл S:\laragon\www\shop\core\vvt\Router.php | Строка 63
[2026-05-25 19:21:14] Текст ошибки Страница не найдена | Файл S:\laragon\www\shop\core\vvt\Router.php | Строка 63
[2026-05-25 19:21:14] Текст ошибки Страница не найдена | Файл S:\laragon\www\shop\core\vvt\Router.php | Строка 63
[2026-05-25 19:21:14] Текст ошибки Страница не найдена | Файл S:\laragon\www\shop\core\vvt\Router.php | Строка 63
[2026-05-25 19:21:14] Текст ошибки Страница не найдена | Файл S:\laragon\www\shop\core\vvt\Router.php | Строка 63
[2026-05-25 19:21:49] Текст ошибки Страница не найдена | Файл S:\laragon\www\shop\core\vvt\Router.php | Строка 63
[2026-05-25 19:21:49] Текст ошибки Страница не найдена | Файл S:\laragon\www\shop\core\vvt\Router.php | Строка 63
[2026-05-25 19:21:49] Текст ошибки Страница не найдена | Файл S:\laragon\www\shop\core\vvt\Router.php | Строка 63
[2026-05-25 19:21:49] Текст ошибки Страница не найдена | Файл S:\laragon\www\shop\core\vvt\Router.php | Строка 63
[2026-05-25 19:21:49] Текст ошибки Страница не найдена | Файл S:\laragon\www\shop\core\vvt\Router.php | Строка 63
[2026-05-25 19:22:20] Текст ошибки Страница не найдена | Файл S:\laragon\www\shop\core\vvt\Router.php | Строка 63
[2026-05-25 19:22:20] Текст ошибки Страница не найдена | Файл S:\laragon\www\shop\core\vvt\Router.php | Строка 63
[2026-05-25 19:23:02] Текст ошибки Undefined array key "lang" | Файл S:\laragon\www\shop\core\vvt\Registry.php | Строка 17
[2026-05-25 19:24:00] Текст ошибки Страница не найдена | Файл S:\laragon\www\shop\core\vvt\Router.php | Строка 63
[2026-05-25 19:24:00] Текст ошибки Страница не найдена | Файл S:\laragon\www\shop\core\vvt\Router.php | Строка 63
[2026-05-25 19:24:00] Текст ошибки Страница не найдена | Файл S:\laragon\www\shop\core\vvt\Router.php | Строка 63
[2026-05-25 19:24:00] Текст ошибки Страница не найдена | Файл S:\laragon\www\shop\core\vvt\Router.php | Строка 63
[2026-05-25 19:24:01] Текст ошибки Страница не найдена | Файл S:\laragon\www\shop\core\vvt\Router.php | Строка 63
[2026-05-25 19:25:48] Текст ошибки Страница не найдена | Файл S:\laragon\www\shop\core\vvt\Router.php | Строка 63
[2026-05-25 19:26:42] Текст ошибки Страница не найдена | Файл S:\laragon\www\shop\core\vvt\Router.php | Строка 63
[2026-05-25 19:26:44] Текст ошибки Страница не найдена | Файл S:\laragon\www\shop\core\vvt\Router.php | Строка 63
[2026-05-25 19:26:44] Текст ошибки Страница не найдена | Файл S:\laragon\www\shop\core\vvt\Router.php | Строка 63
[2026-05-25 19:29:35] Текст ошибки Страница не найдена | Файл S:\laragon\www\shop\core\vvt\Router.php | Строка 63
[2026-05-25 19:29:35] Текст ошибки Страница не найдена | Файл S:\laragon\www\shop\core\vvt\Router.php | Строка 63
[2026-05-25 19:29:35] Текст ошибки Страница не найдена | Файл S:\laragon\www\shop\core\vvt\Router.php | Строка 63
[2026-05-25 19:29:35] Текст ошибки Страница не найдена | Файл S:\laragon\www\shop\core\vvt\Router.php | Строка 63
[2026-05-25 19:29:36] Текст ошибки Страница не найдена | Файл S:\laragon\www\shop\core\vvt\Router.php | Строка 63
[2026-05-25 19:29:45] Текст ошибки Страница не найдена | Файл S:\laragon\www\shop\core\vvt\Router.php | Строка 63
[2026-05-25 19:29:45] Текст ошибки Страница не найдена | Файл S:\laragon\www\shop\core\vvt\Router.php | Строка 63
[2026-05-25 19:29:45] Текст ошибки Страница не найдена | Файл S:\laragon\www\shop\core\vvt\Router.php | Строка 63
[2026-05-25 19:29:45] Текст ошибки Страница не найдена | Файл S:\laragon\www\shop\core\vvt\Router.php | Строка 63
[2026-05-25 19:29:45] Текст ошибки Страница не найдена | Файл S:\laragon\www\shop\core\vvt\Router.php | Строка 63
[2026-05-25 19:31:39] Текст ошибки preg_match(): Compilation failed: missing closing parenthesis at offset 53 | Файл S:\laragon\www\shop\core\vvt\Router.php | Строка 37
[2026-05-25 19:32:12] Текст ошибки Страница не найдена | Файл S:\laragon\www\shop\core\vvt\Router.php | Строка 63
[2026-05-25 19:32:12] Текст ошибки Страница не найдена | Файл S:\laragon\www\shop\core\vvt\Router.php | Строка 63
[2026-05-25 19:32:12] Текст ошибки Страница не найдена | Файл S:\laragon\www\shop\core\vvt\Router.php | Строка 63
[2026-05-25 19:32:12] Текст ошибки Страница не найдена | Файл S:\laragon\www\shop\core\vvt\Router.php | Строка 63
[2026-05-25 19:32:13] Текст ошибки Страница не найдена | Файл S:\laragon\www\shop\core\vvt\Router.php | Строка 63
[2026-05-25 19:32:21] Текст ошибки Undefined array key "lang" | Файл S:\laragon\www\shop\core\vvt\Registry.php | Строка 17
[2026-05-25 19:32:56] Текст ошибки Undefined array key "lang" | Файл S:\laragon\www\shop\core\vvt\Registry.php | Строка 17
[2026-05-25 19:33:05] Текст ошибки Undefined array key "lang" | Файл S:\laragon\www\shop\core\vvt\Registry.php | Строка 17
[2026-05-25 19:33:23] Текст ошибки Undefined array key "lang" | Файл S:\laragon\www\shop\core\vvt\Registry.php | Строка 17
[2026-05-25 19:33:23] Текст ошибки Страница не найдена | Файл S:\laragon\www\shop\core\vvt\Router.php | Строка 63
[2026-05-25 19:33:25] Текст ошибки Undefined array key "lang" | Файл S:\laragon\www\shop\core\vvt\Registry.php | Строка 17
[2026-05-25 19:36:55] Текст ошибки Страница не найдена | Файл S:\laragon\www\shop\core\vvt\Router.php | Строка 63
[2026-05-25 19:36:55] Текст ошибки Страница не найдена | Файл S:\laragon\www\shop\core\vvt\Router.php | Строка 63
[2026-05-25 19:36:55] Текст ошибки Страница не найдена | Файл S:\laragon\www\shop\core\vvt\Router.php | Строка 63
[2026-05-25 19:36:55] Текст ошибки Страница не найдена | Файл S:\laragon\www\shop\core\vvt\Router.php | Строка 63
[2026-05-25 19:36:56] Текст ошибки Страница не найдена | Файл S:\laragon\www\shop\core\vvt\Router.php | Строка 63
[2026-05-25 19:37:39] Текст ошибки Страница не найдена | Файл S:\laragon\www\shop\core\vvt\Router.php | Строка 63
[2026-05-25 19:37:39] Текст ошибки Страница не найдена | Файл S:\laragon\www\shop\core\vvt\Router.php | Строка 63
[2026-05-25 19:37:39] Текст ошибки Страница не найдена | Файл S:\laragon\www\shop\core\vvt\Router.php | Строка 63
[2026-05-25 19:37:39] Текст ошибки Страница не найдена | Файл S:\laragon\www\shop\core\vvt\Router.php | Строка 63
[2026-05-25 19:37:40] Текст ошибки Страница не найдена | Файл S:\laragon\www\shop\core\vvt\Router.php | Строка 63
[2026-05-25 19:40:07] Текст ошибки Страница не найдена | Файл S:\laragon\www\shop\core\vvt\Router.php | Строка 63
[2026-05-25 19:40:07] Текст ошибки Страница не найдена | Файл S:\laragon\www\shop\core\vvt\Router.php | Строка 63
[2026-05-25 19:40:07] Текст ошибки Страница не найдена | Файл S:\laragon\www\shop\core\vvt\Router.php | Строка 63
[2026-05-25 19:40:07] Текст ошибки Страница не найдена | Файл S:\laragon\www\shop\core\vvt\Router.php | Строка 63
[2026-05-25 19:40:08] Текст ошибки Страница не найдена | Файл S:\laragon\www\shop\core\vvt\Router.php | Строка 63
[2026-05-25 19:40:12] Текст ошибки Страница не найдена | Файл S:\laragon\www\shop\core\vvt\Router.php | Строка 63
[2026-05-25 19:40:12] Текст ошибки Страница не найдена | Файл S:\laragon\www\shop\core\vvt\Router.php | Строка 63
[2026-05-25 19:40:12] Текст ошибки Страница не найдена | Файл S:\laragon\www\shop\core\vvt\Router.php | Строка 63
[2026-05-25 19:40:12] Текст ошибки Страница не найдена | Файл S:\laragon\www\shop\core\vvt\Router.php | Строка 63
[2026-05-25 19:40:22] Текст ошибки Страница не найдена | Файл S:\laragon\www\shop\core\vvt\Router.php | Строка 63
[2026-05-25 19:40:22] Текст ошибки Страница не найдена | Файл S:\laragon\www\shop\core\vvt\Router.php | Строка 63
[2026-05-25 19:40:22] Текст ошибки Страница не найдена | Файл S:\laragon\www\shop\core\vvt\Router.php | Строка 63
[2026-05-25 19:40:22] Текст ошибки Страница не найдена | Файл S:\laragon\www\shop\core\vvt\Router.php | Строка 63
[2026-05-25 19:40:22] Текст ошибки Страница не найдена | Файл S:\laragon\www\shop\core\vvt\Router.php | Строка 63
[2026-05-25 19:41:38] Текст ошибки Страница не найдена | Файл S:\laragon\www\shop\core\vvt\Router.php | Строка 63
[2026-05-25 19:41:38] Текст ошибки Страница не найдена | Файл S:\laragon\www\shop\core\vvt\Router.php | Строка 63
[2026-05-25 19:41:38] Текст ошибки Страница не найдена | Файл S:\laragon\www\shop\core\vvt\Router.php | Строка 63
[2026-05-25 19:41:39] Текст ошибки Страница не найдена | Файл S:\laragon\www\shop\core\vvt\Router.php | Строка 63
[2026-05-25 19:41:39] Текст ошибки Страница не найдена | Файл S:\laragon\www\shop\core\vvt\Router.php | Строка 63
[2026-05-25 19:41:59] Текст ошибки Страница не найдена | Файл S:\laragon\www\shop\core\vvt\Router.php | Строка 63
[2026-05-25 19:42:14] Текст ошибки Страница не найдена | Файл S:\laragon\www\shop\core\vvt\Router.php | Строка 63
[2026-05-25 19:42:14] Текст ошибки Страница не найдена | Файл S:\laragon\www\shop\core\vvt\Router.php | Строка 63
[2026-05-25 19:42:14] Текст ошибки Страница не найдена | Файл S:\laragon\www\shop\core\vvt\Router.php | Строка 63
[2026-05-25 19:42:14] Текст ошибки Страница не найдена | Файл S:\laragon\www\shop\core\vvt\Router.php | Строка 63
[2026-05-25 19:42:15] Текст ошибки Страница не найдена | Файл S:\laragon\www\shop\core\vvt\Router.php | Строка 63
[2026-05-25 19:47:23] Текст ошибки Страница не найдена | Файл S:\laragon\www\shop\core\vvt\Router.php | Строка 63
[2026-05-25 19:47:23] Текст ошибки Страница не найдена | Файл S:\laragon\www\shop\core\vvt\Router.php | Строка 63
[2026-05-25 19:47:23] Текст ошибки Страница не найдена | Файл S:\laragon\www\shop\core\vvt\Router.php | Строка 63
[2026-05-25 19:47:23] Текст ошибки Страница не найдена | Файл S:\laragon\www\shop\core\vvt\Router.php | Строка 63
[2026-05-25 19:47:24] Текст ошибки Страница не найдена | Файл S:\laragon\www\shop\core\vvt\Router.php | Строка 63
[2026-05-25 19:48:01] Текст ошибки Страница не найдена | Файл S:\laragon\www\shop\core\vvt\Router.php | Строка 63
[2026-05-25 19:48:01] Текст ошибки Страница не найдена | Файл S:\laragon\www\shop\core\vvt\Router.php | Строка 63
[2026-05-25 19:48:01] Текст ошибки Страница не найдена | Файл S:\laragon\www\shop\core\vvt\Router.php | Строка 63
[2026-05-25 19:48:01] Текст ошибки Страница не найдена | Файл S:\laragon\www\shop\core\vvt\Router.php | Строка 63
[2026-05-25 19:48:02] Текст ошибки Страница не найдена | Файл S:\laragon\www\shop\core\vvt\Router.php | Строка 63
[2026-05-25 19:49:01] Текст ошибки Страница не найдена | Файл S:\laragon\www\shop\core\vvt\Router.php | Строка 63
[2026-05-25 19:49:01] Текст ошибки Страница не найдена | Файл S:\laragon\www\shop\core\vvt\Router.php | Строка 63
[2026-05-25 19:49:01] Текст ошибки Страница не найдена | Файл S:\laragon\www\shop\core\vvt\Router.php | Строка 63
[2026-05-25 19:49:01] Текст ошибки Страница не найдена | Файл S:\laragon\www\shop\core\vvt\Router.php | Строка 63
[2026-05-25 19:49:01] Текст ошибки Страница не найдена | Файл S:\laragon\www\shop\core\vvt\Router.php | Строка 63
[2026-05-25 19:49:05] Текст ошибки Undefined array key "lang" | Файл S:\laragon\www\shop\core\vvt\Registry.php | Строка 17
[2026-05-25 19:53:43] Текст ошибки Страница не найдена | Файл S:\laragon\www\shop\core\vvt\Router.php | Строка 63
[2026-05-25 19:53:43] Текст ошибки Страница не найдена | Файл S:\laragon\www\shop\core\vvt\Router.php | Строка 63
[2026-05-25 19:53:43] Текст ошибки Страница не найдена | Файл S:\laragon\www\shop\core\vvt\Router.php | Строка 63
[2026-05-25 19:53:43] Текст ошибки Страница не найдена | Файл S:\laragon\www\shop\core\vvt\Router.php | Строка 63
[2026-05-25 19:53:43] Текст ошибки Страница не найдена | Файл S:\laragon\www\shop\core\vvt\Router.php | Строка 63
[2026-05-25 20:21:45] Текст ошибки Undefined array key "lang" | Файл S:\laragon\www\shop\core\vvt\Registry.php | Строка 17
[2026-05-25 20:21:45] Текст ошибки Страница не найдена | Файл S:\laragon\www\shop\core\vvt\Router.php | Строка 63
[2026-05-25 20:21:45] Текст ошибки Страница не найдена | Файл S:\laragon\www\shop\core\vvt\Router.php | Строка 63
[2026-05-25 20:21:45] Текст ошибки Страница не найдена | Файл S:\laragon\www\shop\core\vvt\Router.php | Строка 63
[2026-05-25 20:21:45] Текст ошибки Страница не найдена | Файл S:\laragon\www\shop\core\vvt\Router.php | Строка 63
[2026-05-25 20:21:46] Текст ошибки Страница не найдена | Файл S:\laragon\www\shop\core\vvt\Router.php | Строка 63
[2026-05-25 20:22:08] Текст ошибки Страница не найдена | Файл S:\laragon\www\shop\core\vvt\Router.php | Строка 63
[2026-05-25 20:22:08] Текст ошибки Страница не найдена | Файл S:\laragon\www\shop\core\vvt\Router.php | Строка 63
[2026-05-25 20:22:08] Текст ошибки Страница не найдена | Файл S:\laragon\www\shop\core\vvt\Router.php | Строка 63
[2026-05-25 20:22:08] Текст ошибки Страница не найдена | Файл S:\laragon\www\shop\core\vvt\Router.php | Строка 63
[2026-05-25 20:22:08] Текст ошибки Страница не найдена | Файл S:\laragon\www\shop\core\vvt\Router.php | Строка 63
[2026-05-25 20:22:57] Текст ошибки Страница не найдена | Файл S:\laragon\www\shop\core\vvt\Router.php | Строка 63
[2026-05-25 20:22:57] Текст ошибки Страница не найдена | Файл S:\laragon\www\shop\core\vvt\Router.php | Строка 63
[2026-05-25 20:22:57] Текст ошибки Страница не найдена | Файл S:\laragon\www\shop\core\vvt\Router.php | Строка 63
[2026-05-25 20:22:57] Текст ошибки Страница не найдена | Файл S:\laragon\www\shop\core\vvt\Router.php | Строка 63
[2026-05-25 20:22:58] Текст ошибки Страница не найдена | Файл S:\laragon\www\shop\core\vvt\Router.php | Строка 63
[2026-05-26 05:24:21] Текст ошибки Страница не найдена | Файл S:\laragon\www\shop\core\vvt\Router.php | Строка 63
[2026-05-26 05:24:22] Текст ошибки Страница не найдена | Файл S:\laragon\www\shop\core\vvt\Router.php | Строка 63
[2026-05-26 05:24:22] Текст ошибки Страница не найдена | Файл S:\laragon\www\shop\core\vvt\Router.php | Строка 63
[2026-05-26 05:24:23] Текст ошибки Страница не найдена | Файл S:\laragon\www\shop\core\vvt\Router.php | Строка 63
[2026-05-26 05:24:23] Текст ошибки Страница не найдена | Файл S:\laragon\www\shop\core\vvt\Router.php | Строка 63
[2026-05-26 05:24:24] Текст ошибки Страница не найдена | Файл S:\laragon\www\shop\core\vvt\Router.php | Строка 63
[2026-05-26 05:24:38] Текст ошибки Страница не найдена | Файл S:\laragon\www\shop\core\vvt\Router.php | Строка 63
[2026-05-26 05:24:50] Текст ошибки Страница не найдена | Файл S:\laragon\www\shop\core\vvt\Router.php | Строка 63
[2026-05-26 05:24:50] Текст ошибки Страница не найдена | Файл S:\laragon\www\shop\core\vvt\Router.php | Строка 63
[2026-05-26 05:24:50] Текст ошибки Страница не найдена | Файл S:\laragon\www\shop\core\vvt\Router.php | Строка 63
[2026-05-26 05:24:51] Текст ошибки Страница не найдена | Файл S:\laragon\www\shop\core\vvt\Router.php | Строка 63
[2026-05-26 05:24:51] Текст ошибки Страница не найдена | Файл S:\laragon\www\shop\core\vvt\Router.php | Строка 63
[2026-05-26 05:24:52] Текст ошибки Страница не найдена | Файл S:\laragon\www\shop\core\vvt\Router.php | Строка 63
[2026-05-26 05:25:27] Текст ошибки Страница не найдена | Файл S:\laragon\www\shop\core\vvt\Router.php | Строка 63
[2026-05-26 05:25:27] Текст ошибки Страница не найдена | Файл S:\laragon\www\shop\core\vvt\Router.php | Строка 63
[2026-05-26 05:25:27] Текст ошибки Страница не найдена | Файл S:\laragon\www\shop\core\vvt\Router.php | Строка 63
[2026-05-26 05:25:28] Текст ошибки Страница не найдена | Файл S:\laragon\www\shop\core\vvt\Router.php | Строка 63
[2026-05-26 05:26:00] Текст ошибки Страница не найдена | Файл S:\laragon\www\shop\core\vvt\Router.php | Строка 63
[2026-05-26 05:26:00] Текст ошибки Страница не найдена | Файл S:\laragon\www\shop\core\vvt\Router.php | Строка 63
[2026-05-26 05:26:00] Текст ошибки Страница не найдена | Файл S:\laragon\www\shop\core\vvt\Router.php | Строка 63
[2026-05-26 05:26:00] Текст ошибки Страница не найдена | Файл S:\laragon\www\shop\core\vvt\Router.php | Строка 63
[2026-05-26 05:26:00] Текст ошибки Страница не найдена | Файл S:\laragon\www\shop\core\vvt\Router.php | Строка 63
[2026-05-26 05:26:52] Текст ошибки Страница не найдена | Файл S:\laragon\www\shop\core\vvt\Router.php | Строка 63
[2026-05-26 05:26:52] Текст ошибки Страница не найдена | Файл S:\laragon\www\shop\core\vvt\Router.php | Строка 63
[2026-05-26 05:26:52] Текст ошибки Страница не найдена | Файл S:\laragon\www\shop\core\vvt\Router.php | Строка 63
[2026-05-26 05:26:53] Текст ошибки Страница не найдена | Файл S:\laragon\www\shop\core\vvt\Router.php | Строка 63
[2026-05-26 05:26:53] Текст ошибки Страница не найдена | Файл S:\laragon\www\shop\core\vvt\Router.php | Строка 63
[2026-05-26 05:27:24] Текст ошибки Неизвестный ключ языка de | Файл S:\laragon\www\shop\app\widgets\language\Language.php | Строка 35
[2026-05-26 05:37:42] Текст ошибки Undefined variable $products | Файл S:\laragon\www\shop\app\views\default\products_loop.php | Строка 6
[2026-05-26 05:37:42] Текст ошибки foreach() argument must be of type array|object, null given | Файл S:\laragon\www\shop\app\views\default\products_loop.php | Строка 6
[2026-05-26 05:40:00] Текст ошибки Страница не найдена | Файл S:\laragon\www\shop\core\vvt\Router.php | Строка 63
[2026-05-26 05:40:00] Текст ошибки Страница не найдена | Файл S:\laragon\www\shop\core\vvt\Router.php | Строка 63
[2026-05-26 05:40:00] Текст ошибки Страница не найдена | Файл S:\laragon\www\shop\core\vvt\Router.php | Строка 63
[2026-05-26 05:40:00] Текст ошибки Страница не найдена | Файл S:\laragon\www\shop\core\vvt\Router.php | Строка 63
[2026-05-26 05:40:01] Текст ошибки Страница не найдена | Файл S:\laragon\www\shop\core\vvt\Router.php | Строка 63
[2026-05-26 05:40:27] Текст ошибки Страница не найдена | Файл S:\laragon\www\shop\core\vvt\Router.php | Строка 63
[2026-05-26 05:40:27] Текст ошибки Страница не найдена | Файл S:\laragon\www\shop\core\vvt\Router.php | Строка 63
[2026-05-26 05:40:27] Текст ошибки Страница не найдена | Файл S:\laragon\www\shop\core\vvt\Router.php | Строка 63
[2026-05-26 05:40:28] Текст ошибки Страница не найдена | Файл S:\laragon\www\shop\core\vvt\Router.php | Строка 63
[2026-05-26 05:40:55] Текст ошибки Страница не найдена | Файл S:\laragon\www\shop\core\vvt\Router.php | Строка 63
[2026-05-26 05:40:55] Текст ошибки Страница не найдена | Файл S:\laragon\www\shop\core\vvt\Router.php | Строка 63
[2026-05-26 05:40:55] Текст ошибки Страница не найдена | Файл S:\laragon\www\shop\core\vvt\Router.php | Строка 63
[2026-05-26 05:40:56] Текст ошибки Страница не найдена | Файл S:\laragon\www\shop\core\vvt\Router.php | Строка 63
[2026-05-26 05:40:56] Текст ошибки Страница не найдена | Файл S:\laragon\www\shop\core\vvt\Router.php | Строка 63
[2026-05-26 05:41:11] Текст ошибки Страница не найдена | Файл S:\laragon\www\shop\core\vvt\Router.php | Строка 63
[2026-05-26 05:41:11] Текст ошибки Страница не найдена | Файл S:\laragon\www\shop\core\vvt\Router.php | Строка 63
[2026-05-26 05:41:11] Текст ошибки Страница не найдена | Файл S:\laragon\www\shop\core\vvt\Router.php | Строка 63
[2026-05-26 05:41:11] Текст ошибки Страница не найдена | Файл S:\laragon\www\shop\core\vvt\Router.php | Строка 63
[2026-05-26 05:41:12] Текст ошибки Страница не найдена | Файл S:\laragon\www\shop\core\vvt\Router.php | Строка 63
[2026-05-26 05:42:18] Текст ошибки Страница не найдена | Файл S:\laragon\www\shop\core\vvt\Router.php | Строка 63
[2026-05-26 05:42:18] Текст ошибки Страница не найдена | Файл S:\laragon\www\shop\core\vvt\Router.php | Строка 63
[2026-05-26 05:42:18] Текст ошибки Страница не найдена | Файл S:\laragon\www\shop\core\vvt\Router.php | Строка 63
[2026-05-26 05:42:18] Текст ошибки Страница не найдена | Файл S:\laragon\www\shop\core\vvt\Router.php | Строка 63
[2026-05-26 05:42:19] Текст ошибки Страница не найдена | Файл S:\laragon\www\shop\core\vvt\Router.php | Строка 63
[2026-05-26 05:42:53] Текст ошибки Страница не найдена | Файл S:\laragon\www\shop\core\vvt\Router.php | Строка 63
[2026-05-26 05:42:53] Текст ошибки Страница не найдена | Файл S:\laragon\www\shop\core\vvt\Router.php | Строка 63
[2026-05-26 05:42:53] Текст ошибки Страница не найдена | Файл S:\laragon\www\shop\core\vvt\Router.php | Строка 63
[2026-05-26 05:42:53] Текст ошибки Страница не найдена | Файл S:\laragon\www\shop\core\vvt\Router.php | Строка 63
[2026-05-26 05:42:54] Текст ошибки Страница не найдена | Файл S:\laragon\www\shop\core\vvt\Router.php | Строка 63
[2026-05-26 05:43:41] Текст ошибки Страница не найдена | Файл S:\laragon\www\shop\core\vvt\Router.php | Строка 63
[2026-05-26 05:43:41] Текст ошибки Страница не найдена | Файл S:\laragon\www\shop\core\vvt\Router.php | Строка 63
[2026-05-26 05:43:41] Текст ошибки Страница не найдена | Файл S:\laragon\www\shop\core\vvt\Router.php | Строка 63
[2026-05-26 05:43:43] Текст ошибки Страница не найдена | Файл S:\laragon\www\shop\core\vvt\Router.php | Строка 63
[2026-05-26 05:43:43] Текст ошибки Страница не найдена | Файл S:\laragon\www\shop\core\vvt\Router.php | Строка 63
[2026-05-26 05:45:11] Текст ошибки Страница не найдена | Файл S:\laragon\www\shop\core\vvt\Router.php | Строка 63
[2026-05-26 05:45:11] Текст ошибки Страница не найдена | Файл S:\laragon\www\shop\core\vvt\Router.php | Строка 63
[2026-05-26 05:45:11] Текст ошибки Страница не найдена | Файл S:\laragon\www\shop\core\vvt\Router.php | Строка 63
[2026-05-26 05:45:11] Текст ошибки Страница не найдена | Файл S:\laragon\www\shop\core\vvt\Router.php | Строка 63
[2026-05-26 05:45:12] Текст ошибки Страница не найдена | Файл S:\laragon\www\shop\core\vvt\Router.php | Строка 63
[2026-05-26 05:46:33] Текст ошибки Страница не найдена | Файл S:\laragon\www\shop\core\vvt\Router.php | Строка 63
[2026-05-26 05:46:33] Текст ошибки Страница не найдена | Файл S:\laragon\www\shop\core\vvt\Router.php | Строка 63
[2026-05-26 05:46:33] Текст ошибки Страница не найдена | Файл S:\laragon\www\shop\core\vvt\Router.php | Строка 63
[2026-05-26 05:46:34] Текст ошибки Страница не найдена | Файл S:\laragon\www\shop\core\vvt\Router.php | Строка 63
[2026-05-26 05:46:34] Текст ошибки Страница не найдена | Файл S:\laragon\www\shop\core\vvt\Router.php | Строка 63
[2026-05-26 05:47:37] Текст ошибки Страница не найдена | Файл S:\laragon\www\shop\core\vvt\Router.php | Строка 63
[2026-05-26 05:47:37] Текст ошибки Страница не найдена | Файл S:\laragon\www\shop\core\vvt\Router.php | Строка 63
[2026-05-26 05:47:37] Текст ошибки Страница не найдена | Файл S:\laragon\www\shop\core\vvt\Router.php | Строка 63
[2026-05-26 05:47:37] Текст ошибки Страница не найдена | Файл S:\laragon\www\shop\core\vvt\Router.php | Строка 63
[2026-05-26 05:47:38] Текст ошибки Страница не найдена | Файл S:\laragon\www\shop\core\vvt\Router.php | Строка 63
[2026-05-26 06:09:56] Текст ошибки Страница не найдена | Файл S:\laragon\www\shop\core\vvt\Router.php | Строка 63
[2026-05-26 06:09:56] Текст ошибки Страница не найдена | Файл S:\laragon\www\shop\core\vvt\Router.php | Строка 63
[2026-05-26 06:09:56] Текст ошибки Страница не найдена | Файл S:\laragon\www\shop\core\vvt\Router.php | Строка 63
[2026-05-26 06:09:56] Текст ошибки Страница не найдена | Файл S:\laragon\www\shop\core\vvt\Router.php | Строка 63
[2026-05-26 06:09:57] Текст ошибки Страница не найдена | Файл S:\laragon\www\shop\core\vvt\Router.php | Строка 63
[2026-05-26 06:10:58] Текст ошибки Страница не найдена | Файл S:\laragon\www\shop\core\vvt\Router.php | Строка 63
[2026-05-26 06:10:58] Текст ошибки Страница не найдена | Файл S:\laragon\www\shop\core\vvt\Router.php | Строка 63
[2026-05-26 06:10:58] Текст ошибки Страница не найдена | Файл S:\laragon\www\shop\core\vvt\Router.php | Строка 63
[2026-05-26 06:10:59] Текст ошибки Страница не найдена | Файл S:\laragon\www\shop\core\vvt\Router.php | Строка 63
[2026-05-26 06:10:59] Текст ошибки Страница не найдена | Файл S:\laragon\www\shop\core\vvt\Router.php | Строка 63
[2026-05-26 06:13:30] Текст ошибки Страница не найдена | Файл S:\laragon\www\shop\core\vvt\Router.php | Строка 63
[2026-05-26 06:13:30] Текст ошибки Страница не найдена | Файл S:\laragon\www\shop\core\vvt\Router.php | Строка 63
[2026-05-26 06:13:30] Текст ошибки Страница не найдена | Файл S:\laragon\www\shop\core\vvt\Router.php | Строка 63
[2026-05-26 06:13:30] Текст ошибки Страница не найдена | Файл S:\laragon\www\shop\core\vvt\Router.php | Строка 63
[2026-05-26 06:13:31] Текст ошибки Страница не найдена | Файл S:\laragon\www\shop\core\vvt\Router.php | Строка 63
[2026-05-26 06:23:43] Текст ошибки Страница не найдена | Файл S:\laragon\www\shop\core\vvt\Router.php | Строка 63
[2026-05-26 06:23:43] Текст ошибки Страница не найдена | Файл S:\laragon\www\shop\core\vvt\Router.php | Строка 63
[2026-05-26 06:23:43] Текст ошибки Страница не найдена | Файл S:\laragon\www\shop\core\vvt\Router.php | Строка 63
[2026-05-26 06:23:44] Текст ошибки Страница не найдена | Файл S:\laragon\www\shop\core\vvt\Router.php | Строка 63
[2026-05-26 06:23:44] Текст ошибки Страница не найдена | Файл S:\laragon\www\shop\core\vvt\Router.php | Строка 63
[2026-05-26 06:26:24] Текст ошибки Страница не найдена | Файл S:\laragon\www\shop\core\vvt\Router.php | Строка 63
[2026-05-26 06:26:24] Текст ошибки Страница не найдена | Файл S:\laragon\www\shop\core\vvt\Router.php | Строка 63
[2026-05-26 06:26:24] Текст ошибки Страница не найдена | Файл S:\laragon\www\shop\core\vvt\Router.php | Строка 63
[2026-05-26 06:26:24] Текст ошибки Страница не найдена | Файл S:\laragon\www\shop\core\vvt\Router.php | Строка 63
[2026-05-26 06:26:25] Текст ошибки Страница не найдена | Файл S:\laragon\www\shop\core\vvt\Router.php | Строка 63
[2026-05-26 06:27:02] Текст ошибки Страница не найдена | Файл S:\laragon\www\shop\core\vvt\Router.php | Строка 63
[2026-05-26 06:27:02] Текст ошибки Страница не найдена | Файл S:\laragon\www\shop\core\vvt\Router.php | Строка 63
[2026-05-26 06:27:02] Текст ошибки Страница не найдена | Файл S:\laragon\www\shop\core\vvt\Router.php | Строка 63
[2026-05-26 06:27:02] Текст ошибки Страница не найдена | Файл S:\laragon\www\shop\core\vvt\Router.php | Строка 63
[2026-05-26 06:27:02] Текст ошибки Страница не найдена | Файл S:\laragon\www\shop\core\vvt\Router.php | Строка 63
[2026-05-26 06:27:26] Текст ошибки Страница не найдена | Файл S:\laragon\www\shop\core\vvt\Router.php | Строка 63
[2026-05-26 06:27:26] Текст ошибки Страница не найдена | Файл S:\laragon\www\shop\core\vvt\Router.php | Строка 63
[2026-05-26 06:27:26] Текст ошибки Страница не найдена | Файл S:\laragon\www\shop\core\vvt\Router.php | Строка 63
[2026-05-26 06:27:26] Текст ошибки Страница не найдена | Файл S:\laragon\www\shop\core\vvt\Router.php | Строка 63
[2026-05-26 06:27:26] Текст ошибки Страница не найдена | Файл S:\laragon\www\shop\core\vvt\Router.php | Строка 63
[2026-05-26 06:29:40] Текст ошибки Страница не найдена | Файл S:\laragon\www\shop\core\vvt\Router.php | Строка 63
[2026-05-26 06:29:40] Текст ошибки Страница не найдена | Файл S:\laragon\www\shop\core\vvt\Router.php | Строка 63
[2026-05-26 06:29:40] Текст ошибки Страница не найдена | Файл S:\laragon\www\shop\core\vvt\Router.php | Строка 63
[2026-05-26 06:29:40] Текст ошибки Страница не найдена | Файл S:\laragon\www\shop\core\vvt\Router.php | Строка 63
[2026-05-26 06:29:41] Текст ошибки Страница не найдена | Файл S:\laragon\www\shop\core\vvt\Router.php | Строка 63
[2026-05-26 06:31:08] Текст ошибки Страница не найдена | Файл S:\laragon\www\shop\core\vvt\Router.php | Строка 63
[2026-05-26 06:31:08] Текст ошибки Страница не найдена | Файл S:\laragon\www\shop\core\vvt\Router.php | Строка 63
[2026-05-26 06:31:08] Текст ошибки Страница не найдена | Файл S:\laragon\www\shop\core\vvt\Router.php | Строка 63
[2026-05-26 06:31:10] Текст ошибки Страница не найдена | Файл S:\laragon\www\shop\core\vvt\Router.php | Строка 63
[2026-05-26 06:31:24] Текст ошибки Страница не найдена | Файл S:\laragon\www\shop\core\vvt\Router.php | Строка 63
[2026-05-26 06:31:24] Текст ошибки Страница не найдена | Файл S:\laragon\www\shop\core\vvt\Router.php | Строка 63
[2026-05-26 06:31:24] Текст ошибки Страница не найдена | Файл S:\laragon\www\shop\core\vvt\Router.php | Строка 63
[2026-05-26 06:31:24] Текст ошибки Страница не найдена | Файл S:\laragon\www\shop\core\vvt\Router.php | Строка 63
[2026-05-26 06:31:24] Текст ошибки Страница не найдена | Файл S:\laragon\www\shop\core\vvt\Router.php | Строка 63
[2026-05-26 06:32:23] Текст ошибки Страница не найдена | Файл S:\laragon\www\shop\core\vvt\Router.php | Строка 63
[2026-05-26 06:32:23] Текст ошибки Страница не найдена | Файл S:\laragon\www\shop\core\vvt\Router.php | Строка 63
[2026-05-26 06:32:23] Текст ошибки Страница не найдена | Файл S:\laragon\www\shop\core\vvt\Router.php | Строка 63
[2026-05-26 06:32:23] Текст ошибки Страница не найдена | Файл S:\laragon\www\shop\core\vvt\Router.php | Строка 63
[2026-05-26 06:32:23] Текст ошибки Страница не найдена | Файл S:\laragon\www\shop\core\vvt\Router.php | Строка 63
[2026-05-26 06:33:57] Текст ошибки Страница не найдена | Файл S:\laragon\www\shop\core\vvt\Router.php | Строка 63
[2026-05-26 06:33:57] Текст ошибки Страница не найдена | Файл S:\laragon\www\shop\core\vvt\Router.php | Строка 63
[2026-05-26 06:33:57] Текст ошибки Страница не найдена | Файл S:\laragon\www\shop\core\vvt\Router.php | Строка 63
[2026-05-26 06:33:57] Текст ошибки Страница не найдена | Файл S:\laragon\www\shop\core\vvt\Router.php | Строка 63
[2026-05-26 06:33:57] Текст ошибки Страница не найдена | Файл S:\laragon\www\shop\core\vvt\Router.php | Строка 63
[2026-05-26 06:34:05] Текст ошибки Страница не найдена | Файл S:\laragon\www\shop\core\vvt\Router.php | Строка 63
[2026-05-26 06:34:05] Текст ошибки Страница не найдена | Файл S:\laragon\www\shop\core\vvt\Router.php | Строка 63
[2026-05-26 06:34:05] Текст ошибки Страница не найдена | Файл S:\laragon\www\shop\core\vvt\Router.php | Строка 63
[2026-05-26 06:34:05] Текст ошибки Страница не найдена | Файл S:\laragon\www\shop\core\vvt\Router.php | Строка 63
[2026-05-26 06:34:05] Текст ошибки Страница не найдена | Файл S:\laragon\www\shop\core\vvt\Router.php | Строка 63
[2026-05-26 06:39:28] Текст ошибки Class "Language" not found | Файл S:\laragon\www\shop\app\widgets\language\lang_tpl.php | Строка 8
[2026-05-26 06:39:51] Текст ошибки Страница не найдена | Файл S:\laragon\www\shop\core\vvt\Router.php | Строка 63
[2026-05-26 06:39:51] Текст ошибки Страница не найдена | Файл S:\laragon\www\shop\core\vvt\Router.php | Строка 63
[2026-05-26 06:39:51] Текст ошибки Страница не найдена | Файл S:\laragon\www\shop\core\vvt\Router.php | Строка 63
[2026-05-26 06:39:52] Текст ошибки Страница не найдена | Файл S:\laragon\www\shop\core\vvt\Router.php | Строка 63
[2026-05-26 06:40:20] Текст ошибки Undefined property: app\widgets\language\Language::$languages | Файл S:\laragon\www\shop\app\widgets\language\lang_tpl.php | Строка 9
[2026-05-26 06:40:20] Текст ошибки foreach() argument must be of type array|object, null given | Файл S:\laragon\www\shop\app\widgets\language\lang_tpl.php | Строка 9
[2026-05-26 06:40:20] Текст ошибки Страница не найдена | Файл S:\laragon\www\shop\core\vvt\Router.php | Строка 63
[2026-05-26 06:40:20] Текст ошибки Страница не найдена | Файл S:\laragon\www\shop\core\vvt\Router.php | Строка 63
[2026-05-26 06:40:21] Текст ошибки Страница не найдена | Файл S:\laragon\www\shop\core\vvt\Router.php | Строка 63
[2026-05-26 06:40:21] Текст ошибки Страница не найдена | Файл S:\laragon\www\shop\core\vvt\Router.php | Строка 63
[2026-05-26 06:40:21] Текст ошибки Страница не найдена | Файл S:\laragon\www\shop\core\vvt\Router.php | Строка 63
[2026-05-26 06:40:52] Текст ошибки Страница не найдена | Файл S:\laragon\www\shop\core\vvt\Router.php | Строка 63
[2026-05-26 06:40:52] Текст ошибки Страница не найдена | Файл S:\laragon\www\shop\core\vvt\Router.php | Строка 63
[2026-05-26 06:40:52] Текст ошибки Страница не найдена | Файл S:\laragon\www\shop\core\vvt\Router.php | Строка 63
[2026-05-26 06:40:52] Текст ошибки Страница не найдена | Файл S:\laragon\www\shop\core\vvt\Router.php | Строка 63
[2026-05-26 06:40:53] Текст ошибки Страница не найдена | Файл S:\laragon\www\shop\core\vvt\Router.php | Строка 63
[2026-05-26 06:41:53] Текст ошибки Страница не найдена | Файл S:\laragon\www\shop\core\vvt\Router.php | Строка 63
[2026-05-26 06:41:53] Текст ошибки Страница не найдена | Файл S:\laragon\www\shop\core\vvt\Router.php | Строка 63
[2026-05-26 06:41:53] Текст ошибки Страница не найдена | Файл S:\laragon\www\shop\core\vvt\Router.php | Строка 63
[2026-05-26 06:41:53] Текст ошибки Страница не найдена | Файл S:\laragon\www\shop\core\vvt\Router.php | Строка 63
[2026-05-26 06:41:54] Текст ошибки Страница не найдена | Файл S:\laragon\www\shop\core\vvt\Router.php | Строка 63
[2026-05-26 06:43:11] Текст ошибки Страница не найдена | Файл S:\laragon\www\shop\core\vvt\Router.php | Строка 63
[2026-05-26 06:43:11] Текст ошибки Страница не найдена | Файл S:\laragon\www\shop\core\vvt\Router.php | Строка 63
[2026-05-26 06:43:11] Текст ошибки Страница не найдена | Файл S:\laragon\www\shop\core\vvt\Router.php | Строка 63
[2026-05-26 06:43:11] Текст ошибки Страница не найдена | Файл S:\laragon\www\shop\core\vvt\Router.php | Строка 63
[2026-05-26 06:43:12] Текст ошибки Страница не найдена | Файл S:\laragon\www\shop\core\vvt\Router.php | Строка 63
[2026-05-26 06:45:09] Текст ошибки Страница не найдена | Файл S:\laragon\www\shop\core\vvt\Router.php | Строка 63
[2026-05-26 06:45:09] Текст ошибки Страница не найдена | Файл S:\laragon\www\shop\core\vvt\Router.php | Строка 63
[2026-05-26 06:45:09] Текст ошибки Страница не найдена | Файл S:\laragon\www\shop\core\vvt\Router.php | Строка 63
[2026-05-26 06:45:09] Текст ошибки Страница не найдена | Файл S:\laragon\www\shop\core\vvt\Router.php | Строка 63
[2026-05-26 06:45:10] Текст ошибки Страница не найдена | Файл S:\laragon\www\shop\core\vvt\Router.php | Строка 63
[2026-05-26 06:45:12] Текст ошибки Страница не найдена | Файл S:\laragon\www\shop\core\vvt\Router.php | Строка 63
[2026-05-26 06:45:12] Текст ошибки Страница не найдена | Файл S:\laragon\www\shop\core\vvt\Router.php | Строка 63
[2026-05-26 06:45:12] Текст ошибки Страница не найдена | Файл S:\laragon\www\shop\core\vvt\Router.php | Строка 63
[2026-05-26 06:45:12] Текст ошибки Страница не найдена | Файл S:\laragon\www\shop\core\vvt\Router.php | Строка 63
[2026-05-26 06:45:12] Текст ошибки Страница не найдена | Файл S:\laragon\www\shop\core\vvt\Router.php | Строка 63
[2026-05-26 06:45:12] Текст ошибки Страница не найдена | Файл S:\laragon\www\shop\core\vvt\Router.php | Строка 63
[2026-05-26 06:45:51] Текст ошибки Страница не найдена | Файл S:\laragon\www\shop\core\vvt\Router.php | Строка 63
[2026-05-26 06:45:51] Текст ошибки Страница не найдена | Файл S:\laragon\www\shop\core\vvt\Router.php | Строка 63
[2026-05-26 06:45:51] Текст ошибки Страница не найдена | Файл S:\laragon\www\shop\core\vvt\Router.php | Строка 63
[2026-05-26 06:45:51] Текст ошибки Страница не найдена | Файл S:\laragon\www\shop\core\vvt\Router.php | Строка 63
[2026-05-26 06:45:51] Текст ошибки Страница не найдена | Файл S:\laragon\www\shop\core\vvt\Router.php | Строка 63
[2026-05-26 06:45:51] Текст ошибки Страница не найдена | Файл S:\laragon\www\shop\core\vvt\Router.php | Строка 63
[2026-05-26 06:45:59] Текст ошибки Страница не найдена | Файл S:\laragon\www\shop\core\vvt\Router.php | Строка 63
[2026-05-26 06:45:59] Текст ошибки Страница не найдена | Файл S:\laragon\www\shop\core\vvt\Router.php | Строка 63
[2026-05-26 06:46:00] Текст ошибки Страница не найдена | Файл S:\laragon\www\shop\core\vvt\Router.php | Строка 63
[2026-05-26 07:34:49] Текст ошибки Страница не найдена | Файл S:\laragon\www\shop\core\vvt\Router.php | Строка 63
[2026-05-26 07:34:49] Текст ошибки Страница не найдена | Файл S:\laragon\www\shop\core\vvt\Router.php | Строка 63
[2026-05-26 07:34:49] Текст ошибки Страница не найдена | Файл S:\laragon\www\shop\core\vvt\Router.php | Строка 63
[2026-05-26 07:34:50] Текст ошибки Страница не найдена | Файл S:\laragon\www\shop\core\vvt\Router.php | Строка 63
[2026-05-26 07:34:50] Текст ошибки Страница не найдена | Файл S:\laragon\www\shop\core\vvt\Router.php | Строка 63
[2026-05-26 07:34:55] Текст ошибки Страница не найдена | Файл S:\laragon\www\shop\core\vvt\Router.php | Строка 63
[2026-05-26 07:34:55] Текст ошибки Страница не найдена | Файл S:\laragon\www\shop\core\vvt\Router.php | Строка 63
[2026-05-26 07:34:55] Текст ошибки Страница не найдена | Файл S:\laragon\www\shop\core\vvt\Router.php | Строка 63
[2026-05-26 07:34:55] Текст ошибки Страница не найдена | Файл S:\laragon\www\shop\core\vvt\Router.php | Строка 63
[2026-05-26 07:34:55] Текст ошибки Страница не найдена | Файл S:\laragon\www\shop\core\vvt\Router.php | Строка 63
[2026-05-26 07:47:22] Текст ошибки Страница не найдена | Файл S:\laragon\www\shop\core\vvt\Router.php | Строка 63
[2026-05-26 07:47:22] Текст ошибки Страница не найдена | Файл S:\laragon\www\shop\core\vvt\Router.php | Строка 63
[2026-05-26 07:47:22] Текст ошибки Страница не найдена | Файл S:\laragon\www\shop\core\vvt\Router.php | Строка 63
[2026-05-26 07:47:22] Текст ошибки Страница не найдена | Файл S:\laragon\www\shop\core\vvt\Router.php | Строка 63
[2026-05-26 07:47:22] Текст ошибки Страница не найдена | Файл S:\laragon\www\shop\core\vvt\Router.php | Строка 63
[2026-05-26 07:47:32] Текст ошибки Неизвестный ключ языка sdf | Файл S:\laragon\www\shop\app\widgets\language\Language.php | Строка 33
[2026-05-26 07:47:46] Текст ошибки Страница не найдена | Файл S:\laragon\www\shop\core\vvt\Router.php | Строка 63
[2026-05-26 07:47:46] Текст ошибки Страница не найдена | Файл S:\laragon\www\shop\core\vvt\Router.php | Строка 63
[2026-05-26 07:47:47] Текст ошибки Страница не найдена | Файл S:\laragon\www\shop\core\vvt\Router.php | Строка 63
[2026-05-26 07:47:58] Текст ошибки Страница не найдена | Файл S:\laragon\www\shop\core\vvt\Router.php | Строка 63
[2026-05-26 07:47:58] Текст ошибки Страница не найдена | Файл S:\laragon\www\shop\core\vvt\Router.php | Строка 63
[2026-05-26 07:47:59] Текст ошибки Страница не найдена | Файл S:\laragon\www\shop\core\vvt\Router.php | Строка 63
[2026-05-26 07:47:59] Текст ошибки Страница не найдена | Файл S:\laragon\www\shop\core\vvt\Router.php | Строка 63
[2026-05-26 07:52:55] Текст ошибки Страница не найдена | Файл S:\laragon\www\shop\core\vvt\Router.php | Строка 63
[2026-05-26 07:52:55] Текст ошибки Страница не найдена | Файл S:\laragon\www\shop\core\vvt\Router.php | Строка 63
[2026-05-26 07:52:55] Текст ошибки Страница не найдена | Файл S:\laragon\www\shop\core\vvt\Router.php | Строка 63
[2026-05-26 07:52:56] Текст ошибки Страница не найдена | Файл S:\laragon\www\shop\core\vvt\Router.php | Строка 63
[2026-05-26 07:53:22] Текст ошибки Страница не найдена | Файл S:\laragon\www\shop\core\vvt\Router.php | Строка 63
[2026-05-26 07:53:22] Текст ошибки Страница не найдена | Файл S:\laragon\www\shop\core\vvt\Router.php | Строка 63
[2026-05-26 07:53:22] Текст ошибки Страница не найдена | Файл S:\laragon\www\shop\core\vvt\Router.php | Строка 63
[2026-05-26 07:53:23] Текст ошибки Страница не найдена | Файл S:\laragon\www\shop\core\vvt\Router.php | Строка 63
[2026-05-26 07:53:23] Текст ошибки Страница не найдена | Файл S:\laragon\www\shop\core\vvt\Router.php | Строка 63
[2026-05-26 07:55:12] Текст ошибки Страница не найдена | Файл S:\laragon\www\shop\core\vvt\Router.php | Строка 63
[2026-05-26 07:55:12] Текст ошибки Страница не найдена | Файл S:\laragon\www\shop\core\vvt\Router.php | Строка 63
[2026-05-26 07:55:12] Текст ошибки Страница не найдена | Файл S:\laragon\www\shop\core\vvt\Router.php | Строка 63
[2026-05-26 07:55:12] Текст ошибки Страница не найдена | Файл S:\laragon\www\shop\core\vvt\Router.php | Строка 63
[2026-05-26 07:55:13] Текст ошибки Страница не найдена | Файл S:\laragon\www\shop\core\vvt\Router.php | Строка 63
[2026-05-26 09:51:50] Текст ошибки Страница не найдена | Файл S:\laragon\www\shop\core\vvt\Router.php | Строка 63
[2026-05-26 09:51:55] Текст ошибки Страница не найдена | Файл S:\laragon\www\shop\core\vvt\Router.php | Строка 63
[2026-05-26 09:51:55] Текст ошибки Страница не найдена | Файл S:\laragon\www\shop\core\vvt\Router.php | Строка 63
[2026-05-26 09:51:55] Текст ошибки Страница не найдена | Файл S:\laragon\www\shop\core\vvt\Router.php | Строка 63
[2026-05-26 09:51:55] Текст ошибки Страница не найдена | Файл S:\laragon\www\shop\core\vvt\Router.php | Строка 63
[2026-05-26 09:51:55] Текст ошибки Страница не найдена | Файл S:\laragon\www\shop\core\vvt\Router.php | Строка 63
[2026-05-26 09:52:55] Текст ошибки Контроллер app\controllers\EnproductController не найден | Файл S:\laragon\www\shop\core\vvt\Router.php | Строка 76
[2026-05-26 09:53:04] Текст ошибки Страница не найдена | Файл S:\laragon\www\shop\core\vvt\Router.php | Строка 63
[2026-05-26 09:53:04] Текст ошибки Страница не найдена | Файл S:\laragon\www\shop\core\vvt\Router.php | Строка 63
[2026-05-26 09:53:04] Текст ошибки Страница не найдена | Файл S:\laragon\www\shop\core\vvt\Router.php | Строка 63
[2026-05-26 09:53:04] Текст ошибки Страница не найдена | Файл S:\laragon\www\shop\core\vvt\Router.php | Строка 63
[2026-05-26 09:53:09] Текст ошибки Страница не найдена | Файл S:\laragon\www\shop\core\vvt\Router.php | Строка 63
[2026-05-26 09:53:09] Текст ошибки Страница не найдена | Файл S:\laragon\www\shop\core\vvt\Router.php | Строка 63
[2026-05-26 09:53:09] Текст ошибки Страница не найдена | Файл S:\laragon\www\shop\core\vvt\Router.php | Строка 63
[2026-05-26 09:53:09] Текст ошибки Страница не найдена | Файл S:\laragon\www\shop\core\vvt\Router.php | Строка 63
[2026-05-26 09:53:10] Текст ошибки Страница не найдена | Файл S:\laragon\www\shop\core\vvt\Router.php | Строка 63
[2026-05-26 09:54:49] Текст ошибки Страница не найдена | Файл S:\laragon\www\shop\core\vvt\Router.php | Строка 63
[2026-05-26 09:54:49] Текст ошибки Страница не найдена | Файл S:\laragon\www\shop\core\vvt\Router.php | Строка 63
[2026-05-26 09:54:49] Текст ошибки Страница не найдена | Файл S:\laragon\www\shop\core\vvt\Router.php | Строка 63
[2026-05-26 09:54:49] Текст ошибки Страница не найдена | Файл S:\laragon\www\shop\core\vvt\Router.php | Строка 63
[2026-05-26 09:54:49] Текст ошибки Страница не найдена | Файл S:\laragon\www\shop\core\vvt\Router.php | Строка 63
[2026-05-26 09:54:54] Текст ошибки Страница не найдена | Файл S:\laragon\www\shop\core\vvt\Router.php | Строка 63
[2026-05-26 09:54:54] Текст ошибки Страница не найдена | Файл S:\laragon\www\shop\core\vvt\Router.php | Строка 63
[2026-05-26 09:54:54] Текст ошибки Страница не найдена | Файл S:\laragon\www\shop\core\vvt\Router.php | Строка 63
[2026-05-26 09:54:55] Текст ошибки Страница не найдена | Файл S:\laragon\www\shop\core\vvt\Router.php | Строка 63
[2026-05-26 09:54:55] Текст ошибки Страница не найдена | Файл S:\laragon\www\shop\core\vvt\Router.php | Строка 63
[2026-05-26 09:55:07] Текст ошибки Страница не найдена | Файл S:\laragon\www\shop\core\vvt\Router.php | Строка 63
[2026-05-26 09:55:07] Текст ошибки Страница не найдена | Файл S:\laragon\www\shop\core\vvt\Router.php | Строка 63
[2026-05-26 09:55:07] Текст ошибки Страница не найдена | Файл S:\laragon\www\shop\core\vvt\Router.php | Строка 63
[2026-05-26 09:55:08] Текст ошибки Страница не найдена | Файл S:\laragon\www\shop\core\vvt\Router.php | Строка 63
[2026-05-26 09:56:21] Текст ошибки Страница не найдена | Файл S:\laragon\www\shop\core\vvt\Router.php | Строка 63
[2026-05-26 09:56:21] Текст ошибки Страница не найдена | Файл S:\laragon\www\shop\core\vvt\Router.php | Строка 63
[2026-05-26 09:56:21] Текст ошибки Страница не найдена | Файл S:\laragon\www\shop\core\vvt\Router.php | Строка 63
[2026-05-26 09:56:21] Текст ошибки Страница не найдена | Файл S:\laragon\www\shop\core\vvt\Router.php | Строка 63
[2026-05-26 09:56:22] Текст ошибки Страница не найдена | Файл S:\laragon\www\shop\core\vvt\Router.php | Строка 63
[2026-05-26 09:56:27] Текст ошибки Страница не найдена | Файл S:\laragon\www\shop\core\vvt\Router.php | Строка 63
[2026-05-26 09:56:27] Текст ошибки Страница не найдена | Файл S:\laragon\www\shop\core\vvt\Router.php | Строка 63
[2026-05-26 09:56:27] Текст ошибки Страница не найдена | Файл S:\laragon\www\shop\core\vvt\Router.php | Строка 63
[2026-05-26 09:56:27] Текст ошибки Страница не найдена | Файл S:\laragon\www\shop\core\vvt\Router.php | Строка 63
[2026-05-26 09:56:28] Текст ошибки Страница не найдена | Файл S:\laragon\www\shop\core\vvt\Router.php | Строка 63
[2026-05-26 09:59:45] Текст ошибки Страница не найдена | Файл S:\laragon\www\shop\core\vvt\Router.php | Строка 63
[2026-05-26 09:59:45] Текст ошибки Страница не найдена | Файл S:\laragon\www\shop\core\vvt\Router.php | Строка 63
[2026-05-26 09:59:45] Текст ошибки Страница не найдена | Файл S:\laragon\www\shop\core\vvt\Router.php | Строка 63
[2026-05-26 09:59:45] Текст ошибки Страница не найдена | Файл S:\laragon\www\shop\core\vvt\Router.php | Строка 63
[2026-05-26 09:59:46] Текст ошибки Страница не найдена | Файл S:\laragon\www\shop\core\vvt\Router.php | Строка 63
>>>>>>> 9aa2eb63386c9a53fc9f2922c8347180bc77cf2a
[2026-08-28 15:06:52] Текст ошибки Страница не найдена | Файл S:\laragon\www\shop\core\vvt\Router.php | Строка 62
[2026-08-28 15:06:52] Текст ошибки Страница не найдена | Файл S:\laragon\www\shop\core\vvt\Router.php | Строка 62
[2026-08-28 15:06:52] Текст ошибки Страница не найдена | Файл S:\laragon\www\shop\core\vvt\Router.php | Строка 62
[2026-08-28 15:06:52] Текст ошибки Страница не найдена | Файл S:\laragon\www\shop\core\vvt\Router.php | Строка 62
[2026-08-28 15:06:55] Текст ошибки syntax error, unexpected end of file, expecting "elseif" or "else" or "endif" | Файл S:\laragon\www\shop\app\views\Main\index.php | Строка 87
[2026-08-28 15:09:09] Текст ошибки Страница не найдена | Файл S:\laragon\www\shop\core\vvt\Router.php | Строка 62
[2026-08-28 15:09:09] Текст ошибки Страница не найдена | Файл S:\laragon\www\shop\core\vvt\Router.php | Строка 62
[2026-08-28 15:09:09] Текст ошибки Страница не найдена | Файл S:\laragon\www\shop\core\vvt\Router.php | Строка 62
[2026-08-28 15:09:09] Текст ошибки Страница не найдена | Файл S:\laragon\www\shop\core\vvt\Router.php | Строка 62
[2026-08-28 15:09:09] Текст ошибки Страница не найдена | Файл S:\laragon\www\shop\core\vvt\Router.php | Строка 62
[2026-08-28 15:10:50] Текст ошибки Страница не найдена | Файл S:\laragon\www\shop\core\vvt\Router.php | Строка 62
[2026-08-28 15:10:50] Текст ошибки Страница не найдена | Файл S:\laragon\www\shop\core\vvt\Router.php | Строка 62
[2026-08-28 15:10:50] Текст ошибки Страница не найдена | Файл S:\laragon\www\shop\core\vvt\Router.php | Строка 62
[2026-08-28 15:10:50] Текст ошибки Страница не найдена | Файл S:\laragon\www\shop\core\vvt\Router.php | Строка 62
[2026-08-28 15:10:50] Текст ошибки Страница не найдена | Файл S:\laragon\www\shop\core\vvt\Router.php | Строка 62
[2026-08-28 15:11:52] Текст ошибки Страница не найдена | Файл S:\laragon\www\shop\core\vvt\Router.php | Строка 62
[2026-08-28 15:11:52] Текст ошибки Страница не найдена | Файл S:\laragon\www\shop\core\vvt\Router.php | Строка 62
[2026-08-28 15:11:52] Текст ошибки Страница не найдена | Файл S:\laragon\www\shop\core\vvt\Router.php | Строка 62
[2026-08-28 15:11:52] Текст ошибки Страница не найдена | Файл S:\laragon\www\shop\core\vvt\Router.php | Строка 62
[2026-08-28 15:11:52] Текст ошибки Страница не найдена | Файл S:\laragon\www\shop\core\vvt\Router.php | Строка 62
[2026-08-28 15:12:56] Текст ошибки Страница не найдена | Файл S:\laragon\www\shop\core\vvt\Router.php | Строка 62
[2026-08-28 15:13:16] Текст ошибки Страница не найдена | Файл S:\laragon\www\shop\core\vvt\Router.php | Строка 62
